Date,Open,High,Low,Close,Adj Close,Volume
2019-01-01,5200.0,5200.0,5200.0,5200.0,47.365.439.453.125,0
2019-01-02,5200.0,5245.0,5200.0,5240.0,477.297.900.390.625,35956000
2019-01-03,5200.0,5220.0,5115.0,5180.0,471.832.666.015.625,72358000
2019-01-04,5175.0,5205.0,5125.0,5205.0,474.109.765.625,51465000
2019-01-07,5265.0,5325.0,5245.0,5245.0,4.777.533.203.125,73438000
2019-01-08,5230.0,5320.0,5205.0,5240.0,477.297.900.390.625,66247500
2019-01-09,5300.0,5320.0,5225.0,5255.0,478.664.111.328.125,84871000
2019-01-10,5300.0,5300.0,5190.0,5255.0,478.664.111.328.125,114314500
2019-01-11,5280.0,5300.0,5235.0,5250.0,478.208.740.234.375,84826500
2019-01-14,5220.0,5235.0,5150.0,5200.0,47.365.439.453.125,87547500
2019-01-15,5230.0,5260.0,5190.0,5260.0,479.119.580.078.125,87763000
2019-01-16,5260.0,5285.0,5245.0,5285.0,48.139.677.734.375,94972500
2019-01-17,5290.0,5330.0,5285.0,5330.0,485.495.751.953.125,91654000
2019-01-18,5340.0,5425.0,5315.0,5425.0,4.941.490.234.375,100873500
2019-01-21,5425.0,5600.0,5390.0,5545.0,505.079.443.359.375,87118000
2019-01-22,5600.0,5620.0,5450.0,5600.0,510.089.306.640.625,91907000
2019-01-23,5600.0,5600.0,5475.0,5500.0,500.980.615.234.375,98512500
2019-01-24,5430.0,5485.0,5355.0,5460.0,497.337.109.375,106781000
2019-01-25,5400.0,5520.0,5400.0,5500.0,500.980.615.234.375,68944000
2019-01-28,5515.0,5515.0,5475.0,5495.0,50.052.509.765.625,69704000
2019-01-29,5445.0,5550.0,5440.0,5540.0,50.462.412.109.375,77679000
2019-01-30,5560.0,5560.0,5495.0,5520.0,502.802.294.921.875,76285000
2019-01-31,5520.0,5640.0,5520.0,5635.0,51.327.734.375,135904500
2019-02-01,5680.0,5750.0,5560.0,5635.0,51.327.734.375,57719500
2019-02-04,5635.0,5635.0,5500.0,5500.0,500.980.615.234.375,113846500
2019-02-05,5500.0,5500.0,5500.0,5500.0,500.980.615.234.375,0
2019-02-06,5500.0,5540.0,5495.0,5535.0,504.168.603.515.625,121996500
2019-02-07,5535.0,5535.0,5505.0,5530.0,503.713.232.421.875,63697500
2019-02-08,5530.0,5535.0,5500.0,5520.0,502.802.294.921.875,65268500
2019-02-11,5520.0,5530.0,5460.0,5495.0,50.052.509.765.625,37639000
2019-02-12,5530.0,5530.0,5450.0,5460.0,497.337.109.375,95883500
2019-02-13,5460.0,5490.0,5410.0,5420.0,4.936.935.546.875,103115500
2019-02-14,5405.0,5405.0,5380.0,5380.0,490.050.048.828.125,108738500
2019-02-15,5360.0,5410.0,5335.0,5360.0,488.228.369.140.625,81340000
2019-02-18,5410.0,5500.0,5410.0,5480.0,49.915.888.671.875,62991000
2019-02-19,5420.0,5480.0,5380.0,5380.0,490.050.048.828.125,64469000
2019-02-20,5450.0,5595.0,5440.0,5500.0,500.980.615.234.375,89583000
2019-02-21,5540.0,5560.0,5470.0,5505.0,501.435.986.328.125,54561500
2019-02-22,5475.0,5525.0,5460.0,5490.0,500.069.677.734.375,48271500
2019-02-25,5490.0,5500.0,5455.0,5490.0,500.069.677.734.375,47887000
2019-02-26,5500.0,5555.0,5495.0,5555.0,50.599.033.203.125,98446000
2019-02-27,5565.0,5570.0,5545.0,5565.0,506.901.220.703.125,78519500
2019-02-28,5570.0,5580.0,5510.0,5515.0,502.346.875,99366000
2019-03-01,5565.0,5600.0,5535.0,5540.0,50.462.412.109.375,72589500
2019-03-04,5520.0,5540.0,5515.0,5535.0,504.168.603.515.625,63910500
2019-03-05,5500.0,5505.0,5440.0,5495.0,50.052.509.765.625,46499500
2019-03-06,5555.0,5555.0,5490.0,5490.0,500.069.677.734.375,37777000
2019-03-07,5490.0,5490.0,5490.0,5490.0,500.069.677.734.375,0
2019-03-08,5545.0,5570.0,5440.0,5440.0,49.551.533.203.125,61126000
2019-03-11,5530.0,5530.0,5460.0,5505.0,501.435.986.328.125,32469000
2019-03-12,5540.0,5540.0,5450.0,5500.0,500.980.615.234.375,40178500
2019-03-13,5450.0,5505.0,5450.0,5500.0,500.980.615.234.375,17722000
2019-03-14,5450.0,5495.0,5450.0,5480.0,49.915.888.671.875,41096000
2019-03-15,5520.0,5545.0,5485.0,5540.0,50.462.412.109.375,41759500
2019-03-18,5555.0,5560.0,5535.0,5550.0,5.055.349.609.375,42791000
2019-03-19,5540.0,5545.0,5485.0,5490.0,500.069.677.734.375,51527000
2019-03-20,5540.0,5555.0,5465.0,5470.0,49.824.794.921.875,42388500
2019-03-21,5490.0,5520.0,5465.0,5475.0,498.703.369.140.625,39866000
2019-03-22,5465.0,5500.0,5465.0,5485.0,499.614.306.640.625,29601000
2019-03-25,5440.0,5500.0,5440.0,5455.0,496.881.640.625,23054500
2019-03-26,5480.0,5510.0,5455.0,5470.0,49.824.794.921.875,19895500
2019-03-27,5510.0,5510.0,5460.0,5485.0,499.614.306.640.625,17804500
2019-03-28,5460.0,5485.0,5425.0,5470.0,49.824.794.921.875,32187500
2019-03-29,5515.0,5530.0,5460.0,5510.0,501.891.357.421.875,36234000
2019-04-01,5550.0,5550.0,5480.0,5500.0,500.980.615.234.375,21786000
2019-04-02,5530.0,5570.0,5480.0,5500.0,500.980.615.234.375,36853000
2019-04-03,5500.0,5500.0,5500.0,5500.0,500.980.615.234.375,0
2019-04-04,5540.0,5560.0,5490.0,5540.0,50.462.412.109.375,48112000
2019-04-05,5560.0,5560.0,5525.0,5530.0,503.713.232.421.875,21913500
2019-04-08,5505.0,5540.0,5450.0,5480.0,49.915.888.671.875,39910000
2019-04-09,5535.0,5550.0,5515.0,5535.0,504.168.603.515.625,29447000
2019-04-10,5550.0,5555.0,5515.0,5525.0,503.257.763.671.875,19508500
2019-04-11,5560.0,5560.0,5480.0,5480.0,49.915.888.671.875,25356000
2019-04-12,5460.0,5510.0,5460.0,5500.0,500.980.615.234.375,18577000
2019-04-15,5560.0,5570.0,5490.0,5505.0,501.435.986.328.125,68152000
2019-04-16,5495.0,5505.0,5475.0,5495.0,50.052.509.765.625,71017000
2019-04-17,5495.0,5495.0,5495.0,5495.0,50.052.509.765.625,0
2019-04-18,5600.0,5805.0,5580.0,5625.0,512.366.455.078.125,129332500
2019-04-19,5625.0,5625.0,5625.0,5625.0,512.366.455.078.125,0
2019-04-22,5625.0,5680.0,5585.0,5625.0,512.366.455.078.125,62837500
2019-04-23,5680.0,5710.0,5595.0,5630.0,512.821.923.828.125,48654000
2019-04-24,5640.0,5640.0,5600.0,5630.0,51.750.986.328.125,46975000
2019-04-25,5535.0,5620.0,5525.0,5595.0,514.292.724.609.375,61482500
2019-04-26,5585.0,5645.0,5570.0,5620.0,516.590.625,66204500
2019-04-29,5610.0,5695.0,5595.0,5685.0,5.225.654.296.875,65480500
2019-04-30,5670.0,5760.0,5670.0,5750.0,528.540.283.203.125,107607500
2019-05-01,5750.0,5750.0,5750.0,5750.0,528.540.283.203.125,0
2019-05-02,5800.0,5810.0,5675.0,5685.0,5.225.654.296.875,80879500
2019-05-03,5680.0,5750.0,5615.0,5675.0,521.646.240.234.375,58244500
2019-05-06,5600.0,5660.0,5595.0,5620.0,516.590.625,36649500
2019-05-07,5675.0,5710.0,5650.0,5660.0,520.267.431.640.625,59177000
2019-05-08,5600.0,5700.0,5595.0,5700.0,52.394.423.828.125,59062000
2019-05-09,5700.0,5700.0,5625.0,5630.0,51.750.986.328.125,126636500
2019-05-10,5610.0,5680.0,5600.0,5610.0,515.671.435.546.875,76130500
2019-05-13,5680.0,5695.0,5600.0,5610.0,515.671.435.546.875,63720500
2019-05-14,5560.0,5630.0,5495.0,5495.0,505.100.634.765.625,114800500
2019-05-15,5555.0,5555.0,5445.0,5460.0,501.883.447.265.625,72065000
2019-05-16,5460.0,5480.0,5280.0,5280.0,485.337.841.796.875,87939000
2019-05-17,5280.0,5310.0,5180.0,5180.0,47.614.580.078.125,74207000
2019-05-20,5180.0,5390.0,5140.0,5380.0,494.529.833.984.375,54764500
2019-05-21,5470.0,5495.0,5400.0,5460.0,501.883.447.265.625,97371000
2019-05-22,5530.0,5530.0,5400.0,5460.0,501.883.447.265.625,38519000
2019-05-23,5440.0,5605.0,5340.0,5605.0,515.211.865.234.375,54926000
2019-05-24,5610.0,5630.0,5605.0,5610.0,515.671.435.546.875,37402000
2019-05-27,5535.0,5700.0,5530.0,5685.0,5.225.654.296.875,68564000
2019-05-28,5655.0,5770.0,5655.0,5735.0,52.716.142.578.125,209923000
2019-05-29,5800.0,5895.0,5730.0,5740.0,527.621.044.921.875,133044500
2019-05-30,5740.0,5740.0,5740.0,5740.0,527.621.044.921.875,0
2019-05-31,5740.0,5870.0,5735.0,5820.0,53.497.470.703.125,96875000
2019-06-03,5820.0,5820.0,5820.0,5820.0,53.497.470.703.125,0
2019-06-04,5820.0,5820.0,5820.0,5820.0,53.497.470.703.125,0
2019-06-05,5820.0,5820.0,5820.0,5820.0,53.497.470.703.125,0
2019-06-06,5820.0,5820.0,5820.0,5820.0,53.497.470.703.125,0
2019-06-07,5820.0,5820.0,5820.0,5820.0,53.497.470.703.125,0
2019-06-10,6000.0,6190.0,5810.0,5880.0,540.489.892.578.125,179238000
2019-06-11,5900.0,5960.0,5845.0,5910.0,54.324.755.859.375,72901000
2019-06-12,5840.0,5900.0,5820.0,5845.0,537.272.607.421.875,69255500
2019-06-13,5885.0,5885.0,5790.0,5805.0,5.335.958.984.375,78802500
2019-06-14,5845.0,5845.0,5790.0,5800.0,533.136.279.296.875,57220500
2019-06-17,5810.0,5840.0,5790.0,5795.0,532.676.611.328.125,83624000
2019-06-18,5795.0,5900.0,5795.0,5900.0,542.328.271.484.375,78788000
2019-06-19,5900.0,5960.0,5890.0,5940.0,546.005.029.296.875,66944500
2019-06-20,5900.0,5940.0,5805.0,5910.0,54.324.755.859.375,59504500
2019-06-21,5910.0,5935.0,5840.0,5880.0,540.489.892.578.125,144149000
2019-06-24,5895.0,5900.0,5865.0,5875.0,5.400.302.734.375,30084000
2019-06-25,5930.0,5960.0,5875.0,5910.0,54.324.755.859.375,40561500
2019-06-26,5940.0,5940.0,5860.0,5865.0,539.111.083.984.375,59334500
2019-06-27,5850.0,5935.0,5805.0,5935.0,54.554.541.015.625,77525000
2019-06-28,5980.0,5995.0,5960.0,5995.0,551.060.595.703.125,80919000
2019-07-01,5995.0,6025.0,5965.0,5990.0,55.060.107.421.875,56612500
2019-07-02,5990.0,6000.0,5950.0,6000.0,551.520.263.671.875,48563500
2019-07-03,5950.0,6000.0,5940.0,6000.0,551.520.263.671.875,43640000
2019-07-04,6000.0,6010.0,5965.0,5990.0,55.060.107.421.875,28224500
2019-07-05,6020.0,6020.0,5970.0,5970.0,548.762.744.140.625,32722500
2019-07-08,5935.0,5960.0,5865.0,5880.0,540.489.892.578.125,38361000
2019-07-09,5870.0,6000.0,5870.0,6000.0,551.520.263.671.875,47740500
2019-07-10,6000.0,6040.0,5995.0,6000.0,551.520.263.671.875,52183500
2019-07-11,6020.0,6025.0,5980.0,6025.0,55.381.826.171.875,34279500
2019-07-12,6000.0,6030.0,5995.0,6010.0,552.439.404.296.875,29838000
2019-07-15,6060.0,6115.0,6035.0,6105.0,561.171.875,61453500
2019-07-16,6080.0,6105.0,6070.0,6085.0,5.593.333.984.375,38075000
2019-07-17,6080.0,6150.0,6045.0,6150.0,565.308.349.609.375,45487000
2019-07-18,6100.0,6170.0,6055.0,6145.0,5.648.486.328.125,43625500
2019-07-19,6195.0,6210.0,6150.0,6200.0,569.904.296.875,43973500
2019-07-22,6260.0,6290.0,6200.0,6290.0,578.177.099.609.375,37314500
2019-07-23,6240.0,6290.0,6205.0,6235.0,573.121.435.546.875,39129500
2019-07-24,6260.0,6265.0,6165.0,6250.0,574.500.244.140.625,51343500
2019-07-25,6270.0,6275.0,6200.0,6250.0,574.500.244.140.625,53477500
2019-07-26,6250.0,6250.0,6190.0,6195.0,569.444.677.734.375,51797500
2019-07-29,6220.0,6230.0,6160.0,6190.0,568.985.009.765.625,68509500
2019-07-30,6205.0,6250.0,6190.0,6220.0,57.174.267.578.125,38225500
2019-07-31,6190.0,6240.0,6180.0,6190.0,568.985.009.765.625,64129000
2019-08-01,6190.0,6270.0,6185.0,6210.0,570.823.486.328.125,78228000
2019-08-02,6160.0,6205.0,6160.0,6165.0,566.687.109.375,62989500
2019-08-05,6215.0,6215.0,6000.0,6000.0,551.520.263.671.875,90924000
2019-08-06,5880.0,5955.0,5765.0,5880.0,540.489.892.578.125,183296000
2019-08-07,5975.0,6050.0,5905.0,6010.0,552.439.404.296.875,92102000
2019-08-08,6010.0,6080.0,5980.0,6005.0,551.979.833.984.375,58295500
2019-08-09,6055.0,6120.0,6055.0,6065.0,557.494.970.703.125,48118500
2019-08-12,6070.0,6080.0,6000.0,6040.0,5.551.970.703.125,52705000
2019-08-13,6000.0,6040.0,6000.0,6015.0,5.528.990.234.375,84406000
2019-08-14,6040.0,6060.0,5980.0,6010.0,552.439.404.296.875,81942000
2019-08-15,5920.0,6000.0,5860.0,6000.0,551.520.263.671.875,52561500
2019-08-16,6040.0,6040.0,5960.0,5960.0,54.784.345.703.125,49821500
2019-08-19,6030.0,6030.0,5965.0,6015.0,5.528.990.234.375,30619000
2019-08-20,6035.0,6035.0,5985.0,5985.0,55.014.150.390.625,58393500
2019-08-21,6000.0,6005.0,5975.0,5975.0,549.222.265.625,55927500
2019-08-22,5925.0,6000.0,5920.0,6000.0,551.520.263.671.875,65888000
2019-08-23,5920.0,5995.0,5905.0,5995.0,551.060.595.703.125,33083500
2019-08-26,5940.0,6000.0,5860.0,5990.0,55.060.107.421.875,41388500
2019-08-27,6040.0,6040.0,5950.0,6005.0,551.979.833.984.375,123780000
2019-08-28,6000.0,6020.0,5985.0,5995.0,551.060.595.703.125,55688000
2019-08-29,5990.0,6025.0,5985.0,6005.0,551.979.833.984.375,51525500
2019-08-30,6080.0,6100.0,6005.0,6100.0,56.071.220.703.125,73650000
2019-09-02,6100.0,6100.0,6000.0,6000.0,551.520.263.671.875,42429000
2019-09-03,6000.0,6055.0,6000.0,6055.0,55.657.587.890.625,42743500
2019-09-04,6060.0,6060.0,6005.0,6020.0,55.335.869.140.625,41979000
2019-09-05,6085.0,6085.0,6015.0,6040.0,5.551.970.703.125,53650500
2019-09-06,6060.0,6060.0,6025.0,6025.0,55.381.826.171.875,54349000
2019-09-09,6050.0,6055.0,5980.0,6035.0,5.547.375,25912000
2019-09-10,6020.0,6055.0,5985.0,6055.0,55.657.587.890.625,40291000
2019-09-11,6050.0,6100.0,6010.0,6100.0,56.071.220.703.125,45243500
2019-09-12,6100.0,6105.0,6010.0,6020.0,55.335.869.140.625,40034000
2019-09-13,6080.0,6090.0,6010.0,6030.0,554.277.880.859.375,28419500
2019-09-16,6000.0,6015.0,5985.0,6005.0,551.979.833.984.375,77289000
2019-09-17,5990.0,6035.0,5985.0,6030.0,554.277.880.859.375,92037500
2019-09-18,5990.0,6040.0,5990.0,6040.0,5.551.970.703.125,28667000
2019-09-19,6015.0,6045.0,6000.0,6030.0,554.277.880.859.375,61988500
2019-09-20,6050.0,6050.0,5990.0,5990.0,55.060.107.421.875,133433000
2019-09-23,6030.0,6030.0,6000.0,6025.0,55.381.826.171.875,47231500
2019-09-24,5980.0,6000.0,5940.0,5945.0,546.464.697.265.625,79718500
2019-09-25,5900.0,5935.0,5780.0,5935.0,54.554.541.015.625,88620000
2019-09-26,6000.0,6060.0,5970.0,6060.0,557.035.546.875,109859000
2019-09-27,6005.0,6075.0,6000.0,6070.0,5.579.546.875,48010000
2019-09-30,6070.0,6070.0,6005.0,6070.0,5.579.546.875,73391000
2019-10-01,6010.0,6065.0,6010.0,6040.0,5.551.970.703.125,40057000
2019-10-02,6010.0,6070.0,6010.0,6050.0,5.561.162.109.375,52376500
2019-10-03,6010.0,6045.0,5950.0,6040.0,5.551.970.703.125,50269000
2019-10-04,5980.0,6065.0,5980.0,6045.0,555.656.640.625,56890500
2019-10-07,6070.0,6080.0,6050.0,6070.0,5.579.546.875,56705500
2019-10-08,6080.0,6100.0,6015.0,6100.0,56.071.220.703.125,46997500
2019-10-09,6100.0,6100.0,6050.0,6070.0,5.579.546.875,41496500
2019-10-10,6020.0,6110.0,6020.0,6110.0,5.616.314.453.125,65806500
2019-10-11,6080.0,6155.0,6080.0,6125.0,56.301.025.390.625,40863500
2019-10-14,6130.0,6200.0,6130.0,6200.0,569.904.296.875,37514500
2019-10-15,6190.0,6190.0,6145.0,6175.0,567.606.201.171.875,40935000
2019-10-16,6200.0,6215.0,6175.0,6215.0,5.712.830.078.125,65776500
2019-10-17,6185.0,6210.0,6105.0,6115.0,562.091.064.453.125,45666500
2019-10-18,6160.0,6170.0,6140.0,6160.0,566.227.392.578.125,41008500
2019-10-21,6200.0,6255.0,6185.0,6220.0,57.174.267.578.125,59971500
2019-10-22,6270.0,6300.0,6225.0,6300.0,5.790.962.890.625,67259500
2019-10-23,6300.0,6305.0,6260.0,6275.0,576.798.388.671.875,62219000
2019-10-24,6290.0,6320.0,6270.0,6300.0,5.790.962.890.625,73101000
2019-10-25,6320.0,6325.0,6175.0,6200.0,569.904.296.875,61929500
2019-10-28,6200.0,6250.0,6200.0,6205.0,570.363.916.015.625,43249500
2019-10-29,6205.0,6240.0,6150.0,6220.0,57.174.267.578.125,79861500
2019-10-30,6280.0,6285.0,6200.0,6265.0,5.758.791.015.625,60738000
2019-10-31,6270.0,6300.0,6250.0,6290.0,578.177.099.609.375,58420500
2019-11-01,6300.0,6325.0,6275.0,6325.0,581.394.287.109.375,42080500
2019-11-04,6350.0,6380.0,6260.0,6275.0,576.798.388.671.875,43794500
2019-11-05,6350.0,6360.0,6270.0,6360.0,5.846.115.234.375,66161500
2019-11-06,6380.0,6380.0,6295.0,6295.0,578.636.669.921.875,63393000
2019-11-07,6335.0,6335.0,6250.0,6285.0,577.717.431.640.625,61972000
2019-11-08,6315.0,6315.0,6250.0,6280.0,5.772.578.125,90040500
2019-11-11,6335.0,6340.0,6265.0,6295.0,578.636.669.921.875,70207000
2019-11-12,6220.0,6280.0,6220.0,6265.0,5.758.791.015.625,47635500
2019-11-13,6265.0,6285.0,6265.0,6280.0,5.772.578.125,40083500
2019-11-14,6265.0,6280.0,6210.0,6270.0,576.338.671.875,37862000
2019-11-15,6280.0,6290.0,6255.0,6275.0,576.798.388.671.875,47138000
2019-11-18,6245.0,6285.0,6210.0,6280.0,5.772.578.125,65599000
2019-11-19,6330.0,6350.0,6300.0,6315.0,580.475.146.484.375,60115000
2019-11-20,6255.0,6350.0,6255.0,6350.0,583.692.333.984.375,43229500
2019-11-21,6350.0,6350.0,6300.0,6300.0,5.790.962.890.625,57523500
2019-11-22,6280.0,6310.0,6270.0,6305.0,579.555.908.203.125,56035000
2019-11-25,6330.0,6335.0,6275.0,6275.0,576.798.388.671.875,55133500
2019-11-26,6330.0,6330.0,6270.0,6285.0,577.717.431.640.625,192783500
2019-11-27,6270.0,6300.0,6240.0,6300.0,5.790.962.890.625,58833500
2019-11-28,6295.0,6295.0,6245.0,6250.0,574.500.244.140.625,44248000
2019-11-29,6230.0,6295.0,6225.0,6280.0,5.772.578.125,52954500
2019-12-02,6280.0,6425.0,6270.0,6425.0,590.586.328.125,49909000
2019-12-03,6420.0,6420.0,6345.0,6375.0,585.990.283.203.125,42823000
2019-12-04,6360.0,6400.0,6355.0,6365.0,585.071.044.921.875,37552000
2019-12-05,6360.0,6385.0,6330.0,6340.0,58.277.294.921.875,54168000
2019-12-06,6340.0,6395.0,6320.0,6395.0,589.688.916.015.625,69920500
2019-12-09,6370.0,6395.0,6360.0,6395.0,589.688.916.015.625,51667500
2019-12-10,6395.0,6400.0,6360.0,6365.0,58.692.255.859.375,57654000
2019-12-11,6365.0,6385.0,6350.0,6380.0,58.830.576.171.875,48469000
2019-12-12,6400.0,6405.0,6340.0,6340.0,584.617.236.328.125,79198500
2019-12-13,6395.0,6420.0,6350.0,6360.0,5.864.615.234.375,70822500
2019-12-16,6340.0,6395.0,6340.0,6360.0,5.864.615.234.375,78684000
2019-12-17,6395.0,6500.0,6365.0,6500.0,599.371.044.921.875,102914500
2019-12-18,6500.0,6800.0,6440.0,6755.0,622.884.814.453.125,181804000
2019-12-19,6700.0,6720.0,6590.0,6600.0,608.592.138.671.875,74171000
2019-12-20,6680.0,6740.0,6610.0,6660.0,614.124.755.859.375,99453000
2019-12-23,6680.0,6730.0,6650.0,6660.0,614.124.755.859.375,46558500
2019-12-26,6660.0,6725.0,6660.0,6680.0,615.968.994.140.625,38188500
2019-12-27,6670.0,6700.0,6670.0,6695.0,6.173.521.484.375,29945000
2019-12-30,6680.0,6720.0,6670.0,6685.0,616.430.078.125,61168000
2020-01-02,6695.0,6780.0,6680.0,6690.0,61.689.111.328.125,49445000
2020-01-03,6750.0,6800.0,6725.0,6800.0,62.703.427.734.375,47755500
2020-01-06,6720.0,6750.0,6690.0,6735.0,621.040.625,27300000
2020-01-07,6735.0,6770.0,6730.0,6740.0,62.150.166.015.625,45022500
2020-01-08,6670.0,6745.0,6670.0,6680.0,615.968.994.140.625,53692500
2020-01-09,6740.0,6755.0,6730.0,6740.0,62.150.166.015.625,40363500
2020-01-10,6765.0,6825.0,6710.0,6725.0,620.118.505.859.375,73362000
2020-01-13,6740.0,6760.0,6735.0,6745.0,6.219.626.953.125,67855000
2020-01-14,6745.0,6885.0,6740.0,6870.0,6.334.890.625,93582000
2020-01-15,6870.0,7060.0,6800.0,6835.0,63.026.171.875,75623500
2020-01-16,6805.0,6890.0,6795.0,6850.0,631.644.921.875,88931500
2020-01-17,6840.0,6890.0,6800.0,6875.0,6.339.501.953.125,38249500
2020-01-20,6950.0,6975.0,6830.0,6835.0,63.026.171.875,93554500
2020-01-21,6885.0,6895.0,6825.0,6830.0,62.980.068.359.375,103984500
2020-01-22,6855.0,6895.0,6835.0,6840.0,630.722.802.734.375,94311500
2020-01-23,6885.0,6895.0,6830.0,6840.0,630.722.802.734.375,87728000
2020-01-24,6820.0,6880.0,6810.0,6810.0,627.956.396.484.375,69653500
2020-01-27,6865.0,6940.0,6815.0,6840.0,630.722.802.734.375,39679000
2020-01-28,6835.0,6845.0,6755.0,6790.0,626.112.158.203.125,82615000
2020-01-29,6800.0,6845.0,6770.0,6785.0,625.651.220.703.125,43821000
2020-01-30,6845.0,6845.0,6730.0,6740.0,62.150.166.015.625,71990000
2020-01-31,6800.0,6805.0,6480.0,6480.0,597.526.806.640.625,163136500
2020-02-03,6480.0,6585.0,6370.0,6440.0,59.383.837.890.625,149797000
2020-02-04,6570.0,6620.0,6520.0,6600.0,608.592.138.671.875,113316500
2020-02-05,6780.0,6780.0,6650.0,6730.0,620.579.541.015.625,123002500
2020-02-06,6740.0,6780.0,6680.0,6740.0,62.150.166.015.625,154693500
2020-02-07,6710.0,6780.0,6705.0,6760.0,6.233.458.984.375,82609000
2020-02-10,6760.0,6785.0,6630.0,6785.0,625.651.220.703.125,66578500
2020-02-11,6785.0,6785.0,6745.0,6780.0,62.519.013.671.875,77526500
2020-02-12,6800.0,6800.0,6760.0,6800.0,62.703.427.734.375,69971500
2020-02-13,6820.0,6820.0,6740.0,6790.0,626.112.158.203.125,49737000
2020-02-14,6780.0,6795.0,6675.0,6680.0,615.968.994.140.625,147028500
2020-02-17,6680.0,6750.0,6680.0,6720.0,619.657.421.875,115319000
2020-02-18,6685.0,6720.0,6670.0,6695.0,6.173.521.484.375,98436500
2020-02-19,6665.0,6760.0,6665.0,6695.0,6.173.521.484.375,74594000
2020-02-20,6690.0,6695.0,6565.0,6595.0,6.081.310.546.875,136724500
2020-02-21,6600.0,6660.0,6595.0,6615.0,609.975.244.140.625,98261000
2020-02-24,6565.0,6600.0,6510.0,6525.0,601.676.318.359.375,84910000
2020-02-25,6550.0,6560.0,6510.0,6530.0,602.137.451.171.875,86446500
2020-02-26,6500.0,6535.0,6420.0,6420.0,591.994.189.453.125,92824500
2020-02-27,6470.0,6475.0,6200.0,6290.0,580.006.787.109.375,129254500
2020-02-28,6200.0,6290.0,6035.0,6290.0,580.006.787.109.375,169946500
2020-03-02,6290.0,6290.0,6035.0,6080.0,56.064.248.046.875,144871500
2020-03-03,6200.0,6350.0,6200.0,6320.0,582.773.046.875,114663500
2020-03-04,6315.0,6500.0,6260.0,6440.0,59.383.837.890.625,83025000
2020-03-05,6540.0,6540.0,6340.0,6435.0,593.377.392.578.125,77583000
2020-03-06,6350.0,6350.0,6200.0,6200.0,5.717.078.125,77835500
2020-03-09,6000.0,6040.0,5785.0,5785.0,533.440.185.546.875,140889500
2020-03-10,5840.0,6010.0,5840.0,5925.0,54.634.970.703.125,133667000
2020-03-11,5950.0,5980.0,5790.0,5850.0,539.433.935.546.875,93204500
2020-03-12,5600.0,5640.0,5460.0,5560.0,512.692.822.265.625,129845500
2020-03-13,5560.0,5560.0,5560.0,5560.0,512.692.822.265.625,0
2020-03-16,5560.0,5560.0,5560.0,5560.0,512.692.822.265.625,0
2020-03-17,5495.0,5505.0,5120.0,5120.0,472.119.970.703.125,212200000
2020-03-18,5120.0,5380.0,4765.0,5000.0,461.054.638.671.875,180053500
2020-03-19,4995.0,4995.0,4650.0,4650.0,428.780.810.546.875,264419000
2020-03-20,4600.0,5385.0,4325.0,4735.0,436.618.798.828.125,335132000
2020-03-23,4760.0,5000.0,4405.0,4430.0,408.494.482.421.875,217843500
2020-03-24,4450.0,4995.0,4450.0,4500.0,414.949.267.578.125,253971000
2020-03-26,4650.0,5395.0,4650.0,5280.0,48.687.373.046.875,331633000
2020-03-27,5360.0,5895.0,5355.0,5510.0,5.080.822.265.625,269683000
2020-03-30,5480.0,5555.0,5155.0,5495.0,506.699.072.265.625,159964500
2020-03-31,5660.0,5710.0,5485.0,5525.0,509.465.380.859.375,182638500
2020-04-01,5560.0,5750.0,5425.0,5480.0,505.315.966.796.875,152831500
2020-04-02,5470.0,5470.0,5360.0,5410.0,4.988.611.328.125,136623500
2020-04-03,5460.0,5530.0,5365.0,5495.0,506.699.072.265.625,110506000
2020-04-06,5520.0,5740.0,5495.0,5735.0,5.288.296.875,78184000
2020-04-07,5735.0,6100.0,5580.0,5655.0,521.452.880.859.375,149153500
2020-04-08,5655.0,5660.0,5480.0,5635.0,519.608.544.921.875,106111500
2020-04-09,5600.0,5695.0,5500.0,5595.0,51.592.021.484.375,89997000
2020-04-13,5540.0,5615.0,5480.0,5500.0,507.160.107.421.875,58043000
2020-04-14,5505.0,5590.0,5445.0,5515.0,508.543.359.375,95796000
2020-04-15,5515.0,5630.0,5445.0,5485.0,505.776.953.125,95342000
2020-04-16,5485.0,5520.0,5185.0,5240.0,483.185.302.734.375,176990500
2020-04-17,5300.0,5445.0,5280.0,5425.0,500.244.287.109.375,160935500
2020-04-20,5430.0,5500.0,5330.0,5355.0,493.789.501.953.125,90744000
2020-04-21,5355.0,5355.0,5160.0,5160.0,484.033.837.890.625,73431000
2020-04-22,5160.0,5235.0,5045.0,5145.0,482.626.708.984.375,107263500
2020-04-23,5180.0,5245.0,5120.0,5120.0,480.281.591.796.875,105419500
2020-04-24,5120.0,5140.0,4920.0,4920.0,46.152.060.546.875,131149500
2020-04-27,4940.0,5020.0,4855.0,4960.0,46.527.275.390.625,151103500
2020-04-28,4960.0,4975.0,4805.0,4830.0,453.078.125,180488000
2020-04-29,4825.0,4850.0,4800.0,4850.0,454.954.248.046.875,121161000
2020-04-30,4880.0,5250.0,4880.0,5170.0,484.971.923.828.125,174081000
2020-05-04,5150.0,5300.0,5000.0,5220.0,489.662.109.375,114497500
2020-05-05,5220.0,5340.0,5200.0,5285.0,495.759.423.828.125,118643500
2020-05-06,5315.0,5370.0,5300.0,5355.0,50.232.578.125,86395500
2020-05-08,5345.0,5400.0,5150.0,5245.0,492.007.275.390.625,123028000
2020-05-11,5245.0,5325.0,5245.0,5295.0,49.669.755.859.375,40615500
2020-05-12,5340.0,5340.0,5030.0,5220.0,489.662.109.375,118660000
2020-05-13,5160.0,5170.0,5085.0,5110.0,479.343.603.515.625,94973000
2020-05-14,5070.0,5110.0,4905.0,4920.0,46.152.060.546.875,131268000
2020-05-15,4920.0,4995.0,4680.0,4785.0,448.856.884.765.625,205790000
2020-05-18,4800.0,4845.0,4750.0,4765.0,446.980.859.375,139997500
2020-05-19,4840.0,4960.0,4680.0,4680.0,439.007.421.875,128504500
2020-05-20,4720.0,4800.0,4690.0,4765.0,446.980.859.375,119158000
2020-05-26,4775.0,5000.0,4775.0,4970.0,46.621.083.984.375,176076500
2020-05-27,4970.0,5000.0,4855.0,4965.0,465.741.845.703.125,151753500
2020-05-28,5000.0,5320.0,5000.0,5295.0,49.669.755.859.375,229233000
2020-05-29,5295.0,5295.0,5190.0,5190.0,486.847.998.046.875,399414000
2020-06-02,5260.0,5500.0,5240.0,5360.0,502.794.775.390.625,181369500
2020-06-03,5410.0,5780.0,5400.0,5780.0,54.219.296.875,279673500
2020-06-04,5780.0,5990.0,5600.0,5790.0,54.313.095.703.125,236158500
2020-06-05,5790.0,5855.0,5585.0,5725.0,537.033.642.578.125,88157500
2020-06-08,5755.0,5925.0,5755.0,5900.0,55.344.951.171.875,173557500
2020-06-09,5940.0,5995.0,5795.0,5805.0,544.538.037.109.375,100110000
2020-06-10,5800.0,5865.0,5595.0,5800.0,544.068.994.140.625,115382500
2020-06-11,5750.0,5810.0,5605.0,5680.0,53.281.240.234.375,85187500
2020-06-12,5680.0,5680.0,5480.0,5670.0,531.874.365.234.375,96044000
2020-06-15,5680.0,5710.0,5500.0,5500.0,515.927.490.234.375,100844500
2020-06-16,5580.0,5795.0,5580.0,5760.0,540.316.748.046.875,91518500
2020-06-17,5800.0,5800.0,5680.0,5720.0,536.564.599.609.375,79800000
2020-06-18,5720.0,5740.0,5585.0,5585.0,5.239.009.765.625,68032000
2020-06-19,5600.0,5650.0,5545.0,5575.0,522.962.890.625,110071000
2020-06-22,5595.0,5660.0,5530.0,5540.0,519.679.736.328.125,51590500
2020-06-23,5570.0,5660.0,5520.0,5620.0,527.184.130.859.375,69954000
2020-06-24,5650.0,5760.0,5640.0,5705.0,53.515.751.953.125,57333000
2020-06-25,5700.0,5745.0,5640.0,5725.0,537.033.642.578.125,51415000
2020-06-26,5720.0,5760.0,5640.0,5645.0,52.952.919.921.875,57467500
2020-06-29,5640.0,5695.0,5585.0,5675.0,532.343.408.203.125,48796500
2020-06-30,5700.0,5740.0,5660.0,5695.0,53.421.953.125,74474000
2020-07-01,5700.0,5800.0,5675.0,5800.0,544.068.994.140.625,63959000
2020-07-02,5775.0,5870.0,5760.0,5870.0,550.635.302.734.375,75585500
2020-07-03,5870.0,5905.0,5840.0,5870.0,550.635.302.734.375,52219000
2020-07-06,5860.0,5935.0,5850.0,5935.0,556.732.666.015.625,67800000
2020-07-07,5940.0,5995.0,5900.0,5990.0,561.891.943.359.375,74168000
2020-07-08,5990.0,6265.0,5980.0,6200.0,581.591.064.453.125,106444500
2020-07-09,6210.0,6240.0,6030.0,6100.0,57.221.044.921.875,93543500
2020-07-10,6100.0,6240.0,6080.0,6200.0,581.591.064.453.125,67224000
2020-07-13,6230.0,6240.0,6140.0,6175.0,579.245.849.609.375,86006000
2020-07-14,6175.0,6200.0,6110.0,6200.0,581.591.064.453.125,45616500
2020-07-15,6200.0,6240.0,6150.0,6150.0,57.690.078.125,61468000
2020-07-16,6150.0,6200.0,6140.0,6180.0,579.714.892.578.125,66520500
2020-07-17,6135.0,6180.0,6040.0,6120.0,5.740.865.234.375,73348000
2020-07-20,6120.0,6160.0,6060.0,6140.0,575.962.744.140.625,59794500
2020-07-21,6100.0,6235.0,6100.0,6200.0,581.591.064.453.125,84159500
2020-07-22,6210.0,6250.0,6130.0,6180.0,579.714.892.578.125,44725500
2020-07-23,6180.0,6215.0,6140.0,6200.0,581.591.064.453.125,84026500
2020-07-24,6200.0,6200.0,6100.0,6100.0,57.221.044.921.875,58366500
2020-07-27,6100.0,6140.0,6000.0,6100.0,57.221.044.921.875,41972500
2020-07-28,6120.0,6200.0,6060.0,6185.0,580.183.935.546.875,65279000
2020-07-29,6185.0,6185.0,6100.0,6135.0,57.549.365.234.375,50262500
2020-07-30,6135.0,6240.0,6055.0,6240.0,58.534.326.171.875,80533500
2020-08-03,6220.0,6235.0,5825.0,6130.0,575.024.658.203.125,137079000
2020-08-04,6155.0,6220.0,6130.0,6210.0,582.529.052.734.375,79357000
2020-08-05,6200.0,6220.0,6100.0,6205.0,582.060.107.421.875,49393000
2020-08-06,6215.0,6295.0,6185.0,6260.0,5.872.193.359.375,55258500
2020-08-07,6265.0,6285.0,6160.0,6180.0,579.714.892.578.125,43621000
2020-08-10,6180.0,6200.0,6105.0,6120.0,5.740.865.234.375,37774500
2020-08-11,6140.0,6200.0,6130.0,6175.0,579.245.849.609.375,38795500
2020-08-12,6175.0,6260.0,6160.0,6260.0,5.872.193.359.375,35612000
2020-08-13,6260.0,6300.0,6180.0,6300.0,590.971.484.375,48581000
2020-08-14,6300.0,6405.0,6240.0,6405.0,60.082.109.375,57316000
2020-08-18,6405.0,6425.0,6300.0,6360.0,5.965.998.046.875,81563500
2020-08-19,6360.0,6410.0,6310.0,6330.0,59.378.564.453.125,58793500
2020-08-24,6340.0,6380.0,6280.0,6315.0,59.237.861.328.125,66882500
2020-08-25,6320.0,6380.0,6305.0,6365.0,597.068.798.828.125,49211000
2020-08-26,6385.0,6390.0,6305.0,6340.0,594.723.681.640.625,42983000
2020-08-27,6365.0,6600.0,6340.0,6600.0,619.113.037.109.375,68326000
2020-08-28,6560.0,6600.0,6425.0,6495.0,609.263.525.390.625,52292500
2020-08-31,6500.0,6540.0,6275.0,6275.0,588.626.416.015.625,97032000
2020-09-01,6280.0,6520.0,6240.0,6520.0,61.160.859.375,67446000
2020-09-02,6520.0,6560.0,6365.0,6435.0,60.363.525.390.625,66065000
2020-09-03,6465.0,6500.0,6300.0,6500.0,60.973.251.953.125,68208500
2020-09-04,6450.0,6450.0,6265.0,6380.0,598.475.927.734.375,80613500
2020-09-07,6335.0,6360.0,6200.0,6285.0,589.564.404.296.875,64249500
2020-09-08,6285.0,6360.0,6285.0,6335.0,594.254.638.671.875,39649000
2020-09-09,6300.0,6320.0,6210.0,6245.0,585.812.158.203.125,49285000
2020-09-10,6220.0,6220.0,5810.0,5810.0,545.007.080.078.125,175735000
2020-09-11,5800.0,5975.0,5620.0,5905.0,5.539.185.546.875,403032500
2020-09-14,6000.0,6115.0,5985.0,6050.0,56.752.021.484.375,138115000
2020-09-15,6040.0,6100.0,5860.0,5860.0,54.969.736.328.125,170087000
2020-09-16,5860.0,5870.0,5745.0,5750.0,53.937.880.859.375,158565500
2020-09-17,5750.0,5855.0,5665.0,5755.0,53.984.775.390.625,138796000
2020-09-18,5700.0,5735.0,5570.0,5630.0,52.812.216.796.875,316912000
2020-09-21,5640.0,5735.0,5595.0,5605.0,52.577.705.078.125,112443000
2020-09-22,5520.0,5565.0,5430.0,5450.0,511.237.255.859.375,163442500
2020-09-23,5450.0,5585.0,5425.0,5505.0,516.396.484.375,100517000
2020-09-24,5430.0,5535.0,5390.0,5445.0,51.076.826.171.875,88618500
2020-09-25,5480.0,5625.0,5460.0,5610.0,526.246.044.921.875,100705000
2020-09-28,5650.0,5695.0,5500.0,5515.0,51.733.466.796.875,93522000
2020-09-29,5575.0,5635.0,5460.0,5505.0,516.396.484.375,117778500
2020-09-30,5565.0,5565.0,5420.0,5420.0,508.423.095.703.125,107377000
2020-10-01,5485.0,5570.0,5480.0,5570.0,522.493.896.484.375,56893000
2020-10-02,5560.0,5565.0,5440.0,5505.0,516.396.484.375,66848000
2020-10-05,5515.0,5560.0,5460.0,5520.0,51.780.361.328.125,58291000
2020-10-06,5630.0,5715.0,5600.0,5700.0,534.688.525.390.625,141955500
2020-10-07,5600.0,5755.0,5580.0,5755.0,53.984.775.390.625,89937500
2020-10-08,5790.0,5800.0,5710.0,5780.0,54.219.296.875,77384500
2020-10-09,5750.0,5775.0,5720.0,5775.0,541.723.876.953.125,54250500
2020-10-12,5840.0,5875.0,5830.0,5855.0,549.228.271.484.375,82918500
2020-10-13,5840.0,5860.0,5770.0,5855.0,549.228.271.484.375,48250500
2020-10-14,5840.0,5900.0,5810.0,5900.0,55.344.951.171.875,83117500
2020-10-15,5875.0,5880.0,5760.0,5785.0,5.426.619.140.625,82067000
2020-10-16,5785.0,5790.0,5730.0,5760.0,540.316.748.046.875,89051500
2020-10-19,5750.0,5900.0,5710.0,5900.0,55.344.951.171.875,56871500
2020-10-20,5880.0,5880.0,5785.0,5805.0,544.538.037.109.375,74995500
2020-10-21,5860.0,5865.0,5730.0,5780.0,54.219.296.875,77944000
2020-10-22,5740.0,5800.0,5705.0,5800.0,544.068.994.140.625,96872500
2020-10-23,5840.0,5840.0,5750.0,5770.0,5.412.548.828.125,66328000
2020-10-26,5725.0,5835.0,5725.0,5815.0,54.547.607.421.875,70452500
2020-10-27,5815.0,5830.0,5755.0,5790.0,54.313.095.703.125,89482000
2020-11-02,5760.0,5825.0,5720.0,5820.0,5.459.451.171.875,151006500
2020-11-03,5840.0,5895.0,5835.0,5890.0,552.511.474.609.375,78152000
2020-11-04,5900.0,5940.0,5785.0,5820.0,5.459.451.171.875,78626000
2020-11-05,5900.0,6180.0,5900.0,6150.0,57.690.078.125,161090000
2020-11-06,6160.0,6300.0,6060.0,6300.0,590.971.484.375,137303500
2020-11-09,6300.0,6400.0,6215.0,6285.0,589.564.404.296.875,82739500
2020-11-10,6395.0,6600.0,6380.0,6480.0,60.785.634.765.625,191073500
2020-11-11,6540.0,6565.0,6480.0,6540.0,613.484.716.796.875,131383500
2020-11-12,6410.0,6495.0,6405.0,6420.0,602.228.125,83082500
2020-11-13,6420.0,6450.0,6320.0,6390.0,59.941.396.484.375,82374500
2020-11-16,6485.0,6485.0,6385.0,6480.0,60.785.634.765.625,54905000
2020-11-17,6500.0,6565.0,6490.0,6550.0,61.442.275.390.625,119784000
2020-11-18,6550.0,6575.0,6540.0,6570.0,616.298.828.125,99789000
2020-11-19,6520.0,6640.0,6515.0,6615.0,620.520.068.359.375,147346500
2020-11-20,6640.0,6650.0,6550.0,6600.0,619.113.037.109.375,68468500
2020-11-23,6600.0,6610.0,6550.0,6600.0,619.113.037.109.375,75265500
2020-11-24,6600.0,6600.0,6545.0,6565.0,615.829.833.984.375,72349500
2020-11-25,6580.0,6585.0,6380.0,6410.0,601.289.990.234.375,170140500
2020-11-26,6350.0,6490.0,6300.0,6480.0,60.785.634.765.625,64339000
2020-11-27,6480.0,6490.0,6380.0,6385.0,598.944.970.703.125,87361500
2020-11-30,6385.0,6400.0,6135.0,6205.0,582.060.107.421.875,393091500
2020-12-01,6220.0,6435.0,6220.0,6395.0,599.882.958.984.375,114563500
2020-12-02,6460.0,6485.0,6340.0,6450.0,60.504.228.515.625,93897500
2020-12-03,6500.0,6525.0,6425.0,6460.0,605.980.322.265.625,98210000
2020-12-04,6460.0,6465.0,6360.0,6390.0,59.941.396.484.375,64995500
2020-12-07,6500.0,6580.0,6480.0,6520.0,61.160.859.375,96636000
2020-12-08,6520.0,6520.0,6425.0,6490.0,608.794.482.421.875,70561500
2020-12-10,6590.0,6600.0,6540.0,6575.0,618.636.181.640.625,151420500
2020-12-11,6600.0,6780.0,6595.0,6735.0,633.690.478.515.625,214160000
2020-12-14,6800.0,6830.0,6795.0,6820.0,6.416.880.859.375,179785500
2020-12-15,6830.0,6900.0,6605.0,6790.0,63.886.533.203.125,164024500
2020-12-16,6860.0,6950.0,6840.0,6950.0,65.391.962.890.625,138674000
2020-12-17,6965.0,7000.0,6820.0,6935.0,65.250.830.078.125,91920000
2020-12-18,6935.0,6935.0,6755.0,6800.0,639.806.201.171.875,147238500
2020-12-21,6890.0,6890.0,6800.0,6830.0,64.262.900.390.625,93692500
2020-12-22,6740.0,6820.0,6710.0,6715.0,63.180.869.140.625,61790500
2020-12-23,6905.0,6905.0,6620.0,6725.0,632.749.609.375,76948000
2020-12-28,6790.0,6820.0,6660.0,6780.0,637.924.462.890.625,60234000
2020-12-29,6775.0,6810.0,6740.0,6765.0,636.513.134.765.625,34212500
2020-12-30,6800.0,6800.0,6700.0,6770.0,63.698.359.375,52675500
2021-01-04,6800.0,6855.0,6720.0,6835.0,6.430.994.140.625,47937000
2021-01-05,6860.0,7090.0,6850.0,7090.0,66.709.208.984.375,104831000
2021-01-06,7050.0,7075.0,6880.0,6945.0,653.449.169.921.875,89753500
2021-01-07,7000.0,7050.0,6910.0,6965.0,655.331.005.859.375,71360000
2021-01-08,7035.0,7080.0,6975.0,7050.0,663.328.564.453.125,75033500
2021-01-11,7150.0,7360.0,7145.0,7345.0,691.084.814.453.125,169034500
2021-01-12,7345.0,7380.0,7160.0,7160.0,673.678.369.140.625,95235000
2021-01-13,7245.0,7275.0,7070.0,7120.0,669.914.794.921.875,76581500
2021-01-14,7050.0,7090.0,6995.0,7020.0,660.505.859.375,89319500
2021-01-15,7095.0,7100.0,6840.0,6955.0,654.390.087.890.625,89853500
2021-01-18,6955.0,7125.0,6845.0,7120.0,669.914.794.921.875,86343000
2021-01-19,7120.0,7120.0,7005.0,7095.0,66.756.259.765.625,73777000
2021-01-20,7165.0,7295.0,7070.0,7095.0,66.756.259.765.625,107216000
2021-01-21,7280.0,7300.0,7060.0,7075.0,66.568.076.171.875,66428000
2021-01-22,7075.0,7160.0,7075.0,7080.0,666.151.220.703.125,80829000
2021-01-25,7200.0,7200.0,7000.0,7035.0,6.619.171.875,76836500
2021-01-26,6955.0,7000.0,6820.0,6820.0,6.416.880.859.375,98658000
2021-01-27,6820.0,6930.0,6705.0,6790.0,63.886.533.203.125,97920000
2021-01-28,6790.0,6925.0,6790.0,6900.0,649.215.234.375,104627000
2021-01-29,6900.0,7000.0,6760.0,6760.0,636.042.724.609.375,132762500
2021-02-01,6760.0,6920.0,6595.0,6820.0,6.416.880.859.375,113129000
2021-02-02,6965.0,6980.0,6800.0,6800.0,639.806.201.171.875,86741000
2021-02-03,7000.0,7000.0,6825.0,6825.0,642.158.447.265.625,67291000
2021-02-04,6920.0,7000.0,6835.0,6855.0,64.498.115.234.375,80950500
2021-02-05,6870.0,6950.0,6855.0,6915.0,65.062.646.484.375,51602000
2021-02-08,7050.0,7055.0,6880.0,6920.0,651.097.021.484.375,45604000
2021-02-09,7000.0,7030.0,6955.0,6980.0,65.674.228.515.625,75574000
2021-02-10,7050.0,7050.0,6900.0,6920.0,651.097.021.484.375,44984500
2021-02-11,6985.0,6985.0,6840.0,6880.0,647.333.349.609.375,36926000
2021-02-15,6830.0,6890.0,6720.0,6800.0,639.806.201.171.875,83922000
2021-02-16,6880.0,6945.0,6830.0,6940.0,652.978.759.765.625,47221000
2021-02-17,6890.0,6960.0,6850.0,6900.0,649.215.234.375,66011500
2021-02-18,6850.0,6900.0,6735.0,6735.0,633.690.478.515.625,91204000
2021-02-19,6780.0,6850.0,6760.0,6825.0,642.158.447.265.625,70487500
2021-02-22,6900.0,6940.0,6790.0,6790.0,63.886.533.203.125,68913000
2021-02-23,6820.0,6845.0,6775.0,6825.0,642.158.447.265.625,58360000
2021-02-24,6825.0,6835.0,6725.0,6725.0,632.749.609.375,71869000
2021-02-25,6740.0,6770.0,6680.0,6705.0,630.867.822.265.625,78688000
2021-02-26,6705.0,6810.0,6645.0,6710.0,631.338.232.421.875,173631500
2021-03-01,6830.0,7045.0,6800.0,7045.0,66.285.810.546.875,205539000
2021-03-02,7120.0,7160.0,7000.0,7015.0,660.035.498.046.875,81446500
2021-03-03,7065.0,7085.0,7000.0,7000.0,658.624.169.921.875,84470000
2021-03-04,6905.0,7000.0,6720.0,6720.0,6.322.791.015.625,120802500
2021-03-05,6720.0,6925.0,6720.0,6800.0,639.806.201.171.875,111871500
2021-03-08,6950.0,6950.0,6720.0,6720.0,6.322.791.015.625,90883000
2021-03-09,6700.0,6715.0,6600.0,6605.0,621.458.837.890.625,135582000
2021-03-10,6720.0,6720.0,6620.0,6705.0,630.867.822.265.625,50302000
2021-03-12,6875.0,6880.0,6715.0,6765.0,636.513.134.765.625,74328000
2021-03-15,6815.0,6820.0,6665.0,6665.0,627.104.248.046.875,57416000
2021-03-16,6710.0,6710.0,6620.0,6625.0,623.340.673.828.125,70755500
2021-03-17,6650.0,6665.0,6605.0,6610.0,621.929.296.875,71474500
2021-03-18,6620.0,6720.0,6610.0,6705.0,630.867.822.265.625,70067500
2021-03-19,6770.0,6770.0,6625.0,6760.0,636.042.724.609.375,125853000
2021-03-22,6640.0,6680.0,6610.0,6620.0,622.870.166.015.625,67523500
2021-03-23,6720.0,6720.0,6555.0,6565.0,6.176.953.125,127762500
2021-03-24,6515.0,6550.0,6420.0,6440.0,605.934.130.859.375,152050000
2021-03-25,6400.0,6440.0,6330.0,6370.0,59.934.794.921.875,119101500
2021-03-26,6370.0,6445.0,6300.0,6415.0,60.358.193.359.375,134467500
2021-03-29,6410.0,6515.0,6360.0,6360.0,598.407.080.078.125,113370500
2021-03-30,6370.0,6455.0,6370.0,6395.0,601.700.146.484.375,83115500
2021-03-31,6390.0,6395.0,6145.0,6215.0,584.764.111.328.125,223390500
2021-04-01,6215.0,6270.0,6155.0,6225.0,585.705.029.296.875,112286000
2021-04-05,6250.0,6290.0,6155.0,6155.0,579.118.701.171.875,73311500
2021-04-06,6135.0,6170.0,6080.0,6165.0,58.005.966.796.875,80215000
2021-04-07,6155.0,6275.0,6135.0,6250.0,5.880.572.265.625,107908000
2021-04-08,6200.0,6215.0,6125.0,6135.0,585.328.515.625,123697500
2021-04-09,6315.0,6320.0,6145.0,6200.0,591.530.078.125,116961000
2021-04-12,6295.0,6295.0,6060.0,6065.0,578.649.951.171.875,110411500
2021-04-13,6050.0,6060.0,5980.0,6000.0,572.448.486.328.125,119211500
2021-04-14,6105.0,6305.0,6060.0,6305.0,601.547.900.390.625,135519500
2021-04-15,6305.0,6310.0,6180.0,6280.0,599.162.744.140.625,102686500
2021-04-16,6370.0,6370.0,6215.0,6275.0,598.685.693.359.375,79293500
2021-04-19,6275.0,6280.0,6230.0,6270.0,598.208.642.578.125,47095000
2021-04-20,6200.0,6250.0,6185.0,6235.0,5.948.693.359.375,72721000
2021-04-21,6200.0,6225.0,6165.0,6165.0,588.190.771.484.375,68397000
2021-04-22,6200.0,6275.0,6180.0,6215.0,592.961.181.640.625,63758000
2021-04-23,6280.0,6395.0,6225.0,6390.0,6.096.576.171.875,108498500
2021-04-26,6395.0,6400.0,6280.0,6285.0,59.963.974.609.375,108742000
2021-04-27,6370.0,6435.0,6355.0,6405.0,611.088.720.703.125,132650000
2021-04-28,6400.0,6405.0,6315.0,6320.0,602.979.052.734.375,87660000
2021-04-29,6460.0,6460.0,6360.0,6410.0,611.565.771.484.375,57355000
2021-04-30,6450.0,6450.0,6380.0,6405.0,611.088.720.703.125,65829500
2021-05-03,6480.0,6480.0,6345.0,6390.0,6.096.576.171.875,42065500
2021-05-04,6350.0,6430.0,6340.0,6400.0,610.611.669.921.875,50123500
2021-05-05,6420.0,6430.0,6400.0,6425.0,612.996.923.828.125,51685000
2021-05-06,6400.0,6450.0,6400.0,6425.0,612.996.923.828.125,38115500
2021-05-07,6460.0,6460.0,6385.0,6400.0,610.611.669.921.875,48864000
2021-05-10,6400.0,6420.0,6395.0,6420.0,612.519.873.046.875,68180500
2021-05-11,6400.0,6480.0,6305.0,6480.0,618.244.287.109.375,70680000
2021-05-17,6500.0,6500.0,6375.0,6500.0,6.201.525.390.625,129058500
2021-05-18,6400.0,6455.0,6365.0,6390.0,6.096.576.171.875,73563000
2021-05-19,6380.0,6400.0,6335.0,6345.0,605.364.306.640.625,64912500
2021-05-20,6390.0,6435.0,6350.0,6380.0,608.703.515.625,64950000
2021-05-21,6450.0,6450.0,6260.0,6360.0,60.679.541.015.625,92620000
2021-05-24,6355.0,6380.0,6290.0,6325.0,6.034.560.546.875,59210000
2021-05-25,6300.0,6440.0,6300.0,6355.0,606.318.359.375,87470000
2021-05-27,6440.0,6480.0,6270.0,6270.0,598.208.642.578.125,537971500
2021-05-28,6330.0,6370.0,6330.0,6340.0,604.887.158.203.125,102108500
2021-05-31,6360.0,6390.0,6325.0,6375.0,60.822.646.484.375,101442000
2021-06-02,6500.0,6515.0,6420.0,6465.0,61.681.318.359.375,141732500
2021-06-03,6495.0,6600.0,6430.0,6600.0,629.693.310.546.875,133810500
2021-06-04,6620.0,6620.0,6500.0,6580.0,62.778.515.625,62108500
2021-06-07,6560.0,6570.0,6430.0,6530.0,62.301.474.609.375,62576000
2021-06-08,6575.0,6575.0,6430.0,6430.0,61.347.392.578.125,64348000
2021-06-09,6360.0,6535.0,6360.0,6530.0,62.301.474.609.375,77198000
2021-06-10,6555.0,6620.0,6490.0,6620.0,63.160.146.484.375,73262500
2021-06-11,6570.0,6580.0,6460.0,6470.0,617.290.283.203.125,72780500
2021-06-14,6520.0,6520.0,6400.0,6410.0,611.565.771.484.375,61478500
2021-06-15,6445.0,6470.0,6405.0,6470.0,617.290.283.203.125,87799000
2021-06-16,6420.0,6435.0,6360.0,6385.0,60.918.056.640.625,48984000
2021-06-17,6390.0,6390.0,6275.0,6330.0,603.933.154.296.875,68448500
2021-06-18,6300.0,6345.0,6280.0,6325.0,6.034.560.546.875,118043000
2021-06-21,6300.0,6300.0,6210.0,6250.0,59.630.048.828.125,60823500
2021-06-22,6250.0,6390.0,6240.0,6340.0,604.887.158.203.125,65824000
2021-06-23,6295.0,6340.0,6230.0,6230.0,59.439.228.515.625,52451000
2021-06-24,6310.0,6310.0,6200.0,6210.0,592.484.130.859.375,56010000
2021-06-25,6230.0,6260.0,6190.0,6190.0,5.905.759.765.625,68939500
2021-06-28,6100.0,6150.0,6055.0,6055.0,577.695.947.265.625,84420500
2021-06-29,6050.0,6090.0,6040.0,6045.0,576.741.845.703.125,53704000
2021-06-30,6000.0,6070.0,6000.0,6025.0,574.833.642.578.125,65795000
2021-07-01,6060.0,6075.0,6000.0,6025.0,574.833.642.578.125,58153000
2021-07-02,6070.0,6140.0,6040.0,6100.0,5.819.892.578.125,67392500
2021-07-05,6100.0,6130.0,6070.0,6110.0,582.943.359.375,39710500
2021-07-06,6110.0,6110.0,6055.0,6055.0,577.695.947.265.625,34279500
2021-07-07,6180.0,6180.0,6030.0,6065.0,578.649.951.171.875,35595000
2021-07-08,6000.0,6040.0,5980.0,6015.0,573.879.541.015.625,47297000
2021-07-09,6010.0,6020.0,5990.0,6020.0,574.356.591.796.875,40707500
2021-07-12,6070.0,6180.0,6020.0,6170.0,588.667.822.265.625,65981500
2021-07-13,6170.0,6175.0,6015.0,6045.0,576.741.845.703.125,65946500
2021-07-14,6020.0,6030.0,5980.0,5990.0,571.494.384.765.625,59321000
2021-07-15,6000.0,6115.0,5995.0,6115.0,58.342.041.015.625,49724000
2021-07-16,6170.0,6170.0,6055.0,6110.0,582.943.359.375,47998500
2021-07-19,6110.0,6110.0,6005.0,6005.0,572.925.537.109.375,47119000
2021-07-21,6050.0,6120.0,6010.0,6010.0,573.402.490.234.375,55009500
2021-07-22,6115.0,6155.0,6050.0,6155.0,587.236.669.921.875,60792000
2021-07-23,6180.0,6190.0,6025.0,6035.0,575.787.744.140.625,79938000
2021-07-26,6040.0,6060.0,6005.0,6005.0,572.925.537.109.375,48171500
2021-07-27,6005.0,6060.0,6000.0,6005.0,572.925.537.109.375,53107500
2021-07-28,6005.0,6010.0,5970.0,5980.0,570.540.283.203.125,74133000
2021-07-29,6055.0,6085.0,5980.0,6040.0,57.626.474.609.375,84605000
2021-07-30,6040.0,6100.0,5960.0,5970.0,56.958.623.046.875,105685000
2021-08-02,6060.0,6065.0,5905.0,5960.0,56.863.212.890.625,119981500
2021-08-03,6025.0,6180.0,5985.0,6145.0,5.862.826.171.875,110071500
2021-08-04,6145.0,6150.0,6060.0,6120.0,58.389.736.328.125,41112000
2021-08-05,6170.0,6310.0,6140.0,6300.0,601.070.849.609.375,93768000
2021-08-06,6360.0,6360.0,6135.0,6160.0,58.771.376.953.125,67285000
2021-08-09,6135.0,6200.0,6105.0,6200.0,591.530.078.125,52858500
2021-08-10,6250.0,6300.0,6115.0,6300.0,601.070.849.609.375,60446000
2021-08-12,6120.0,6320.0,6120.0,6300.0,601.070.849.609.375,118325500
2021-08-13,6350.0,6435.0,6325.0,6410.0,611.565.771.484.375,86929000
2021-08-16,6420.0,6420.0,6305.0,6420.0,612.519.873.046.875,69282000
2021-08-18,6520.0,6760.0,6460.0,6600.0,629.693.310.546.875,186354500
2021-08-19,6600.0,6600.0,6530.0,6600.0,629.693.310.546.875,100926000
2021-08-20,6600.0,6600.0,6510.0,6600.0,629.693.310.546.875,120163500
2021-08-23,6515.0,6590.0,6515.0,6590.0,628.739.208.984.375,68253000
2021-08-24,6570.0,6600.0,6500.0,6600.0,629.693.310.546.875,59561500
2021-08-25,6600.0,6605.0,6585.0,6600.0,629.693.310.546.875,80751500
2021-08-26,6560.0,6580.0,6470.0,6560.0,625.876.953.125,74337000
2021-08-27,6490.0,6530.0,6490.0,6510.0,621.106.640.625,71572500
2021-08-30,6530.0,6580.0,6520.0,6565.0,62.635.400.390.625,74564500
2021-08-31,6520.0,6570.0,6515.0,6550.0,6.249.228.515.625,115373500
2021-09-01,6550.0,6600.0,6535.0,6565.0,62.635.400.390.625,67362500
2021-09-02,6525.0,6575.0,6455.0,6540.0,62.396.884.765.625,53257000
2021-09-03,6560.0,6600.0,6515.0,6600.0,629.693.310.546.875,35764500
2021-09-06,6600.0,6605.0,6550.0,6575.0,627.308.154.296.875,36780000
2021-09-07,6595.0,6605.0,6570.0,6570.0,6.268.310.546.875,53902000
2021-09-08,6550.0,6595.0,6420.0,6440.0,614.427.978.515.625,77888000
2021-09-09,6410.0,6570.0,6410.0,6570.0,6.268.310.546.875,110074000
2021-09-10,6495.0,6565.0,6495.0,6520.0,622.060.595.703.125,41483500
2021-09-13,6560.0,6560.0,6525.0,6555.0,625.399.951.171.875,29929000
2021-09-14,6590.0,6595.0,6495.0,6545.0,624.445.849.609.375,51990500
2021-09-15,6545.0,6550.0,6485.0,6495.0,619.675.439.453.125,44514000
2021-09-16,6580.0,6580.0,6480.0,6500.0,6.201.525.390.625,58672500
2021-09-17,6490.0,6535.0,6480.0,6520.0,622.060.595.703.125,117540000
2021-09-20,6570.0,6590.0,6510.0,6585.0,628.262.158.203.125,73157500
2021-09-21,6510.0,6535.0,6470.0,6490.0,619.198.388.671.875,57115500
2021-09-22,6500.0,6580.0,6500.0,6555.0,625.399.951.171.875,68722000
2021-09-23,6555.0,6590.0,6545.0,6580.0,62.778.515.625,60998500
2021-09-24,6500.0,6585.0,6500.0,6585.0,628.262.158.203.125,60539500
2021-09-27,6585.0,6595.0,6555.0,6580.0,62.778.515.625,55052500
2021-09-28,6540.0,6560.0,6500.0,6520.0,622.060.595.703.125,80186000
2021-09-29,6520.0,6580.0,6515.0,6580.0,62.778.515.625,74079000
2021-09-30,6600.0,7000.0,6595.0,7000.0,66.785.654.296.875,156848000
2021-10-01,6900.0,6900.0,6710.0,6760.0,644.958.642.578.125,103954500
2021-10-04,6740.0,6960.0,6740.0,6960.0,664.040.185.546.875,74719000
2021-10-05,6910.0,6945.0,6860.0,6945.0,66.260.908.203.125,54986500
2021-10-06,6980.0,7180.0,6970.0,7180.0,68.502.998.046.875,174312000
2021-10-07,7175.0,7175.0,7080.0,7160.0,68.312.177.734.375,107263500
2021-10-08,7200.0,7300.0,7175.0,7290.0,69.552.490.234.375,94643500
2021-10-11,7240.0,7290.0,7230.0,7255.0,692.185.595.703.125,47201000
2021-10-12,7255.0,7320.0,7245.0,7320.0,698.387.109.375,91067000
2021-10-13,7400.0,8250.0,7400.0,7525.0,717.945.751.953.125,210893300
2021-10-14,7600.0,7900.0,7600.0,7750.0,73.941.259.765.625,138811900
2021-10-15,7800.0,7875.0,7450.0,7650.0,729.871.826.171.875,142378200
2021-10-18,7650.0,7675.0,7475.0,7525.0,717.945.751.953.125,116644300
2021-10-19,7475.0,7525.0,7350.0,7500.0,715.560.595.703.125,134601200
2021-10-21,7500.0,7550.0,7350.0,7400.0,7.060.197.265.625,106120100
2021-10-22,7450.0,7550.0,7425.0,7525.0,717.945.751.953.125,96730700
2021-10-25,7400.0,7525.0,7400.0,7525.0,717.945.751.953.125,60329800
2021-10-26,7600.0,7600.0,7500.0,7525.0,717.945.751.953.125,70103000
2021-10-27,7575.0,7575.0,7425.0,7450.0,71.079.013.671.875,57067000
2021-10-28,7350.0,7425.0,7350.0,7375.0,703.634.521.484.375,75271900
2021-10-29,7450.0,7475.0,7375.0,7475.0,713.175.341.796.875,60639200
2021-11-01,7550.0,7550.0,7400.0,7400.0,7.060.197.265.625,38593400
2021-11-02,7375.0,7425.0,7250.0,7300.0,69.647.900.390.625,90535400
2021-11-03,7300.0,7400.0,7250.0,7350.0,701.249.365.234.375,61621500
2021-11-04,7425.0,7475.0,7375.0,7375.0,703.634.521.484.375,61081400
2021-11-05,7475.0,7475.0,7375.0,7450.0,71.079.013.671.875,43120400
2021-11-08,7500.0,7600.0,7450.0,7575.0,722.716.162.109.375,85441700
2021-11-09,7600.0,7675.0,7575.0,7675.0,73.225.703.125,101785800
2021-11-10,7675.0,7675.0,7575.0,7650.0,729.871.826.171.875,47503900
2021-11-11,7700.0,7750.0,7600.0,7675.0,73.225.703.125,55790000
2021-11-12,7750.0,7750.0,7525.0,7525.0,717.945.751.953.125,52590100
2021-11-15,7625.0,7625.0,7500.0,7500.0,715.560.595.703.125,67344200
2021-11-16,7400.0,7475.0,7325.0,7475.0,713.175.341.796.875,98616900
2021-11-17,7500.0,7575.0,7425.0,7575.0,725.141.357.421.875,61968100
2021-11-18,7425.0,7500.0,7400.0,7400.0,70.838.896.484.375,78839600
2021-11-19,7425.0,7450.0,7375.0,7425.0,710.782.177.734.375,68203700
2021-11-22,7425.0,7525.0,7400.0,7475.0,7.155.685.546.875,66328300
2021-11-23,7400.0,7500.0,7400.0,7475.0,7.155.685.546.875,43477500
2021-11-24,7575.0,7575.0,7425.0,7475.0,7.155.685.546.875,35181400
2021-11-25,7450.0,7525.0,7425.0,7425.0,710.782.177.734.375,40216100
2021-11-26,7400.0,7450.0,7250.0,7275.0,696.422.900.390.625,113288400
2021-11-29,7275.0,7425.0,7175.0,7400.0,70.838.896.484.375,87907900
2021-11-30,7325.0,7425.0,7275.0,7275.0,696.422.900.390.625,144923700
2021-12-01,7275.0,7450.0,7275.0,7300.0,69.881.611.328.125,76538100
2021-12-02,7375.0,7500.0,7300.0,7500.0,717.961.767.578.125,66831000
2021-12-03,7525.0,7525.0,7350.0,7375.0,705.995.751.953.125,63283700
2021-12-06,7450.0,7475.0,7350.0,7350.0,7.036.025.390.625,56944100
2021-12-07,7450.0,7475.0,7350.0,7350.0,7.036.025.390.625,51258200
2021-12-08,7450.0,7475.0,7400.0,7425.0,710.782.177.734.375,74775000
2021-12-09,7400.0,7450.0,7350.0,7350.0,7.036.025.390.625,54886400
2021-12-10,7325.0,7375.0,7275.0,7375.0,705.995.751.953.125,91092400
2021-12-13,7375.0,7400.0,7300.0,7300.0,69.881.611.328.125,59977100
2021-12-14,7300.0,7375.0,7275.0,7300.0,69.881.611.328.125,49763600
2021-12-15,7300.0,7375.0,7275.0,7300.0,69.881.611.328.125,52477600
2021-12-16,7375.0,7400.0,7275.0,7275.0,696.422.900.390.625,95171400
2021-12-17,7325.0,7500.0,7300.0,7500.0,717.961.767.578.125,107096800
2021-12-20,7350.0,7400.0,7325.0,7375.0,705.995.751.953.125,74753000
2021-12-21,7325.0,7400.0,7325.0,7375.0,705.995.751.953.125,52386100
2021-12-22,7425.0,7425.0,7325.0,7325.0,701.209.326.171.875,33232000
2021-12-23,7325.0,7350.0,7300.0,7300.0,69.881.611.328.125,37136400
2021-12-24,7300.0,7350.0,7300.0,7300.0,69.881.611.328.125,30802100
2021-12-27,7300.0,7350.0,7300.0,7350.0,7.036.025.390.625,20722100
2021-12-28,7375.0,7400.0,7325.0,7350.0,7.036.025.390.625,39343800
2021-12-29,7350.0,7375.0,7300.0,7300.0,69.881.611.328.125,42079500
2021-12-30,7350.0,7350.0,7300.0,7300.0,69.881.611.328.125,49954700
2022-01-03,7325.0,7400.0,7300.0,7325.0,701.209.326.171.875,54287400
2022-01-04,7325.0,7450.0,7325.0,7400.0,70.838.896.484.375,70624000
2022-01-05,7450.0,7525.0,7375.0,7450.0,713.175.341.796.875,76164900
2022-01-06,7500.0,7525.0,7425.0,7475.0,7.155.685.546.875,63657100
2022-01-07,7550.0,7700.0,7500.0,7650.0,73.232.099.609.375,143433300
2022-01-10,7575.0,7650.0,7550.0,7600.0,727.534.619.140.625,45351900
2022-01-11,7650.0,7700.0,7625.0,7700.0,737.107.421.875,110334600
2022-01-12,7700.0,7700.0,7650.0,7700.0,737.107.421.875,62606000
2022-01-13,7700.0,7750.0,7650.0,7700.0,737.107.421.875,50025200
2022-01-14,7700.0,7850.0,7650.0,7850.0,7.514.666.015.625,65898700
2022-01-17,7900.0,7900.0,7700.0,7750.0,74.189.384.765.625,63902600
2022-01-18,7775.0,7775.0,7550.0,7675.0,734.714.208.984.375,71476300
2022-01-19,7650.0,7725.0,7575.0,7675.0,734.714.208.984.375,60389700
2022-01-20,7725.0,7775.0,7625.0,7775.0,744.287.060.546.875,59925500
2022-01-21,7775.0,7950.0,7700.0,7950.0,761.039.453.125,63370500
2022-01-24,7825.0,7850.0,7775.0,7800.0,7.466.802.734.375,40278300
2022-01-25,7675.0,7775.0,7625.0,7775.0,744.287.060.546.875,106796900
2022-01-26,7700.0,7750.0,7650.0,7700.0,737.107.421.875,53350200
2022-01-27,7625.0,7800.0,7625.0,7800.0,7.466.802.734.375,71945100
2022-01-28,7800.0,7825.0,7700.0,7775.0,744.287.060.546.875,70595000
2022-01-31,7775.0,7775.0,7625.0,7625.0,72.992.783.203.125,68122000
2022-02-02,7775.0,7800.0,7675.0,7800.0,7.466.802.734.375,65308100
2022-02-03,7800.0,7825.0,7700.0,7725.0,739.500.634.765.625,35100600
2022-02-04,7750.0,7800.0,7700.0,7725.0,739.500.634.765.625,39324700
2022-02-07,7775.0,7800.0,7700.0,7800.0,7.466.802.734.375,56813200
2022-02-08,7750.0,7850.0,7725.0,7725.0,739.500.634.765.625,61883100
2022-02-09,7850.0,7950.0,7800.0,7950.0,761.039.453.125,108922200
2022-02-10,7950.0,7950.0,7750.0,7750.0,74.189.384.765.625,93277000
2022-02-11,7675.0,7825.0,7650.0,7825.0,7.490.734.375,71968800
2022-02-14,7750.0,7775.0,7700.0,7700.0,737.107.421.875,57710700
2022-02-15,7750.0,7875.0,7725.0,7875.0,75.385.986.328.125,55617000
2022-02-16,7850.0,7975.0,7825.0,7975.0,763.432.666.015.625,77055100
2022-02-17,7850.0,7925.0,7800.0,7900.0,756.253.125,48704600
2022-02-18,7950.0,7950.0,7850.0,7925.0,7.586.462.890.625,56813400
2022-02-21,7925.0,7975.0,7900.0,7950.0,761.039.453.125,43821700
2022-02-22,7900.0,7950.0,7850.0,7900.0,756.253.125,80095500
2022-02-23,7900.0,8100.0,7875.0,8050.0,770.612.353.515.625,99240300
2022-02-24,8125.0,8150.0,7925.0,8000.0,76.582.587.890.625,124947700
2022-02-25,7950.0,8175.0,7925.0,8050.0,770.612.353.515.625,135899900
2022-03-01,8000.0,8175.0,8000.0,8050.0,770.612.353.515.625,136616800
2022-03-02,8225.0,8225.0,7975.0,7975.0,763.432.666.015.625,100301000
2022-03-04,7975.0,8025.0,7900.0,7900.0,756.253.125,132983400
2022-03-07,7800.0,7850.0,7700.0,7700.0,737.107.421.875,130990900
2022-03-08,7700.0,7850.0,7650.0,7650.0,73.232.099.609.375,119256500
2022-03-09,7700.0,7950.0,7650.0,7850.0,7.514.666.015.625,132814500
2022-03-10,7925.0,7975.0,7800.0,7925.0,7.586.462.890.625,86484000
2022-03-11,7725.0,7950.0,7725.0,7950.0,761.039.453.125,61053900
2022-03-14,8050.0,8100.0,7950.0,8075.0,773.005.517.578.125,78432100
2022-03-15,8150.0,8200.0,8075.0,8150.0,780.185.107.421.875,111214500
2022-03-16,8275.0,8275.0,8075.0,8200.0,78.497.158.203.125,149761300
2022-03-17,8300.0,8300.0,8000.0,8000.0,76.582.587.890.625,132439400
2022-03-18,8000.0,8100.0,7900.0,7900.0,756.253.125,143981700
2022-03-21,7800.0,7950.0,7800.0,7900.0,756.253.125,85485500
2022-03-22,7900.0,7950.0,7875.0,7925.0,7.586.462.890.625,60010900
2022-03-23,7925.0,7950.0,7825.0,7900.0,756.253.125,82208000
2022-03-24,7850.0,7950.0,7800.0,7925.0,7.586.462.890.625,95245100
2022-03-25,7900.0,7950.0,7900.0,7950.0,761.039.453.125,85101200
2022-03-28,7825.0,7900.0,7800.0,7900.0,7.678.431.640.625,83911500
2022-03-29,7875.0,7900.0,7825.0,7850.0,7.629.833.984.375,62180600
2022-03-30,7900.0,7900.0,7825.0,7875.0,76.541.328.125,71430600
2022-03-31,7925.0,8000.0,7875.0,7975.0,7.751.328.125,112691900
2022-04-01,8075.0,8075.0,7850.0,7925.0,770.273.046.875,105575400
2022-04-04,7925.0,7925.0,7825.0,7900.0,7.678.431.640.625,57321200
2022-04-05,7900.0,7900.0,7850.0,7900.0,7.678.431.640.625,48528300
2022-04-06,7825.0,7850.0,7750.0,7750.0,7.532.638.671.875,119263000
2022-04-07,7725.0,7825.0,7700.0,7750.0,7.532.638.671.875,68619400
2022-04-08,7800.0,7875.0,7775.0,7850.0,7.629.833.984.375,69791600
2022-04-11,7825.0,7875.0,7725.0,7725.0,750.833.935.546.875,62776200
2022-04-12,7725.0,7800.0,7700.0,7800.0,758.123.583.984.375,73471300
2022-04-13,7800.0,7850.0,7750.0,7800.0,758.123.583.984.375,57622100
2022-04-14,7800.0,7800.0,7700.0,7700.0,7.484.041.015.625,93342900
2022-04-18,7700.0,7725.0,7625.0,7700.0,7.484.041.015.625,68464700
2022-04-19,7700.0,7700.0,7625.0,7625.0,741.114.453.125,98632000
2022-04-20,7725.0,7725.0,7625.0,7650.0,7.435.443.359.375,124388800
2022-04-21,7800.0,7925.0,7750.0,7925.0,770.273.046.875,129323400
2022-04-22,7850.0,7925.0,7800.0,7875.0,76.541.328.125,85956100
2022-04-25,7875.0,8000.0,7825.0,8000.0,7.775.626.953.125,91279600
2022-04-26,7925.0,8125.0,7925.0,8125.0,789.712.109.375,128360900
2022-04-27,8075.0,8200.0,8075.0,8200.0,7.970.017.578.125,89463100
2022-04-28,8250.0,8250.0,8075.0,8125.0,789.712.109.375,133730600
2022-05-09,7875.0,7900.0,7600.0,7600.0,738.684.521.484.375,456796600
2022-05-10,7250.0,7600.0,7250.0,7525.0,731.394.921.875,268445700
2022-05-11,7525.0,7700.0,7450.0,7650.0,7.435.443.359.375,156535200
2022-05-12,7525.0,7550.0,7275.0,7275.0,70.709.609.375,240529600
2022-05-13,7250.0,7475.0,7250.0,7325.0,711.955.810.546.875,212968600
2022-05-17,7275.0,7475.0,7275.0,7400.0,7.192.455.078.125,159657600
2022-05-18,7500.0,7575.0,7375.0,7575.0,736.254.638.671.875,153514300
2022-05-19,7400.0,7475.0,7375.0,7450.0,724.105.224.609.375,140908900
2022-05-20,7425.0,7475.0,7400.0,7400.0,7.192.455.078.125,86520200
2022-05-23,7450.0,7475.0,7350.0,7375.0,716.815.576.171.875,71603500
2022-05-24,7325.0,7475.0,7325.0,7350.0,7.143.857.421.875,108710800
2022-05-25,7400.0,7450.0,7350.0,7375.0,716.815.576.171.875,76747400
2022-05-27,7525.0,7575.0,7475.0,7575.0,736.254.638.671.875,84336900
2022-05-30,7575.0,7600.0,7475.0,7575.0,736.254.638.671.875,105411400
2022-05-31,7600.0,7750.0,7525.0,7750.0,7.532.638.671.875,286292700
2022-06-02,7625.0,7675.0,7525.0,7575.0,736.254.638.671.875,149226300
2022-06-03,7600.0,7675.0,7575.0,7600.0,738.684.521.484.375,80563100
2022-06-06,7550.0,7575.0,7425.0,7450.0,724.105.224.609.375,81140300
2022-06-07,7300.0,7475.0,7300.0,7375.0,716.815.576.171.875,129242500
2022-06-08,7500.0,7600.0,7425.0,7600.0,738.684.521.484.375,108910500
2022-06-09,7500.0,7575.0,7500.0,7500.0,728.964.990.234.375,107828300
2022-06-10,7400.0,7450.0,7350.0,7350.0,7.143.857.421.875,111768600
2022-06-13,7300.0,7400.0,7275.0,7350.0,7.143.857.421.875,85539500
2022-06-14,7300.0,7400.0,7250.0,7400.0,7.192.455.078.125,80865100
2022-06-15,7300.0,7375.0,7300.0,7325.0,711.955.810.546.875,130367100
2022-06-16,7400.0,7600.0,7375.0,7575.0,736.254.638.671.875,132666300
2022-06-17,7425.0,7550.0,7425.0,7500.0,728.964.990.234.375,117839400
2022-06-20,7600.0,7650.0,7500.0,7625.0,741.114.453.125,88138700
2022-06-21,7600.0,7650.0,7550.0,7650.0,7.435.443.359.375,44295700
2022-06-22,7625.0,7650.0,7500.0,7500.0,728.964.990.234.375,53041800
2022-06-23,7450.0,7575.0,7450.0,7525.0,731.394.921.875,60443000
2022-06-24,7600.0,7600.0,7475.0,7475.0,72.653.515.625,57956600
2022-06-27,7475.0,7500.0,7350.0,7350.0,7.143.857.421.875,76354100
2022-06-28,7300.0,7400.0,7300.0,7300.0,7.095.259.765.625,146078100
2022-06-29,7325.0,7400.0,7275.0,7275.0,70.709.609.375,98517800
2022-06-30,7300.0,7400.0,7250.0,7250.0,7.046.662.109.375,101343900
2022-07-01,7300.0,7325.0,7250.0,7250.0,7.046.662.109.375,68738800
2022-07-04,7250.0,7275.0,7000.0,7050.0,6.852.271.484.375,102238600
2022-07-05,7100.0,7325.0,7100.0,7250.0,7.046.662.109.375,69172900
2022-07-06,7300.0,7325.0,7175.0,7300.0,7.095.259.765.625,66801100
2022-07-07,7225.0,7250.0,7100.0,7100.0,690.086.865.234.375,86126800
2022-07-08,7125.0,7175.0,7075.0,7150.0,694.946.630.859.375,64312400
2022-07-11,7200.0,7200.0,7125.0,7125.0,692.516.796.875,36830800
2022-07-12,7175.0,7250.0,7150.0,7175.0,6.973.765.625,34269000
2022-07-13,7100.0,7125.0,7000.0,7000.0,680.367.333.984.375,71988200
2022-07-14,7025.0,7100.0,7000.0,7025.0,682.797.216.796.875,83316300
2022-07-15,7100.0,7100.0,7000.0,7000.0,680.367.333.984.375,57419900
2022-07-18,7025.0,7150.0,7025.0,7150.0,694.946.630.859.375,60077700
2022-07-19,7100.0,7175.0,7100.0,7175.0,6.973.765.625,59641000
2022-07-20,7200.0,7400.0,7175.0,7400.0,7.192.455.078.125,105792900
2022-07-21,7400.0,7400.0,7250.0,7400.0,7.192.455.078.125,64337100
2022-07-22,7400.0,7400.0,7300.0,7325.0,711.955.810.546.875,38956500
2022-07-25,7350.0,7375.0,7300.0,7300.0,7.095.259.765.625,31247600
2022-07-26,7250.0,7375.0,7250.0,7300.0,7.095.259.765.625,44379900
2022-07-27,7325.0,7350.0,7275.0,7325.0,711.955.810.546.875,58465500
2022-07-28,7375.0,7450.0,7325.0,7350.0,7.143.857.421.875,86909700
2022-07-29,7400.0,7475.0,7350.0,7350.0,7.143.857.421.875,131553000
2022-08-01,7350.0,7500.0,7350.0,7500.0,728.964.990.234.375,104841600
2022-08-02,7600.0,7625.0,7500.0,7600.0,738.684.521.484.375,106466900
2022-08-03,7625.0,7625.0,7575.0,7625.0,741.114.453.125,60170600
2022-08-04,7675.0,7800.0,7650.0,7800.0,758.123.583.984.375,164221000
2022-08-05,7825.0,7875.0,7725.0,7875.0,76.541.328.125,118734200
2022-08-08,7875.0,7925.0,7750.0,7875.0,76.541.328.125,84328900
2022-08-09,7875.0,7975.0,7875.0,7900.0,7.678.431.640.625,92875800
2022-08-10,7800.0,7900.0,7725.0,7900.0,7.678.431.640.625,104376300
2022-08-11,7850.0,7950.0,7825.0,7950.0,772.702.880.859.375,73204700
2022-08-12,7925.0,7975.0,7850.0,7925.0,770.273.046.875,59381200
2022-08-15,7950.0,7975.0,7900.0,7950.0,772.702.880.859.375,81411000
2022-08-16,7950.0,7975.0,7850.0,7975.0,7.751.328.125,83556700
2022-08-18,7900.0,8025.0,7875.0,8000.0,7.775.626.953.125,86136900
2022-08-19,8050.0,8050.0,7900.0,7900.0,7.678.431.640.625,58194900
2022-08-22,7850.0,8000.0,7825.0,8000.0,7.775.626.953.125,97293300
2022-08-23,8000.0,8000.0,7900.0,7900.0,7.678.431.640.625,71671800
2022-08-24,7950.0,8025.0,7900.0,7950.0,772.702.880.859.375,108892400
2022-08-25,8000.0,8100.0,7900.0,8075.0,78.485.234.375,99503500
2022-08-26,8025.0,8125.0,8000.0,8000.0,7.775.626.953.125,80472400
2022-08-29,8000.0,8150.0,7950.0,8150.0,792.142.041.015.625,57762100
2022-08-30,8100.0,8275.0,8075.0,8175.0,794.571.826.171.875,124467000
2022-08-31,8075.0,8225.0,8050.0,8200.0,7.970.017.578.125,137659900
2022-09-01,8150.0,8250.0,8125.0,8150.0,792.142.041.015.625,74960800
2022-09-02,8150.0,8225.0,8150.0,8225.0,799.431.689.453.125,71430600
2022-09-05,8225.0,8300.0,8200.0,8275.0,80.429.140.625,62906000
2022-09-06,8300.0,8350.0,8250.0,8275.0,80.429.140.625,67079900
2022-09-07,8250.0,8375.0,8250.0,8375.0,8.140.109.375,117931700
2022-09-08,8400.0,8500.0,8350.0,8350.0,8.115.810.546.875,132777400
2022-09-09,8500.0,8500.0,8275.0,8375.0,8.140.109.375,91234600
2022-09-12,8325.0,8425.0,8325.0,8375.0,8.140.109.375,52395300
2022-09-13,8375.0,8575.0,8375.0,8525.0,828.590.234.375,124485200
2022-09-14,8375.0,8650.0,8375.0,8500.0,8.261.603.515.625,116642400
2022-09-15,8500.0,8875.0,8500.0,8750.0,8.504.591.796.875,190404800
2022-09-16,8700.0,8725.0,8450.0,8450.0,8.213.005.859.375,363127600
2022-09-19,8475.0,8750.0,8450.0,8650.0,84.073.974.609.375,102530600
2022-09-20,8550.0,8650.0,8550.0,8550.0,8.310.201.171.875,89238400
2022-09-21,8525.0,8600.0,8425.0,8475.0,82.373.056.640.625,90933700
2022-09-22,8375.0,8525.0,8375.0,8475.0,82.373.056.640.625,61908500
2022-09-23,8375.0,8475.0,8375.0,8375.0,8.140.109.375,60567600
2022-09-26,8200.0,8500.0,8200.0,8425.0,818.870.703.125,106228200
2022-09-27,8375.0,8450.0,8300.0,8300.0,8.067.212.890.625,89567100
2022-09-28,8250.0,8425.0,8250.0,8325.0,809.151.171.875,89153400
2022-09-29,8325.0,8450.0,8325.0,8375.0,8.140.109.375,62643700
2022-09-30,8375.0,8575.0,8275.0,8550.0,8.310.201.171.875,176524800
2022-10-03,8450.0,8525.0,8450.0,8500.0,8.261.603.515.625,115079600
2022-10-04,8525.0,8625.0,8525.0,8550.0,8.310.201.171.875,80524500
2022-10-05,8525.0,8550.0,8425.0,8450.0,8.213.005.859.375,63788000
2022-10-06,8475.0,8500.0,8425.0,8425.0,818.870.703.125,43967400
2022-10-07,8325.0,8375.0,8200.0,8200.0,7.970.017.578.125,112043400
2022-10-10,8150.0,8375.0,8125.0,8300.0,8.067.212.890.625,80238200
2022-10-11,8200.0,8300.0,8150.0,8250.0,8.018.615.234.375,64060000
2022-10-12,8200.0,8325.0,8175.0,8325.0,809.151.171.875,47569700
2022-10-13,8275.0,8375.0,8275.0,8275.0,80.429.140.625,62282800
2022-10-14,8300.0,8350.0,8250.0,8250.0,8.018.615.234.375,70642900
2022-10-17,8250.0,8300.0,8175.0,8250.0,8.018.615.234.375,56387500
2022-10-18,8275.0,8475.0,8250.0,8300.0,8.067.212.890.625,85665300
2022-10-19,8250.0,8350.0,8225.0,8275.0,80.429.140.625,66753500
2022-10-20,8250.0,8500.0,8250.0,8500.0,8.261.603.515.625,91812300
2022-10-21,8450.0,8725.0,8450.0,8650.0,84.073.974.609.375,122777800
2022-10-24,8750.0,8900.0,8725.0,8900.0,8.650.384.765.625,89416500
2022-10-25,8825.0,8875.0,8700.0,8700.0,8.455.994.140.625,84696300
2022-10-26,8625.0,8650.0,8550.0,8550.0,8.310.201.171.875,98962100
2022-10-27,8550.0,8700.0,8550.0,8700.0,8.455.994.140.625,77003400
2022-10-28,8650.0,8750.0,8650.0,8750.0,8.504.591.796.875,84980600
2022-10-31,8850.0,8850.0,8775.0,8800.0,8.553.189.453.125,138922800
2022-11-01,9000.0,9000.0,8725.0,8800.0,8.553.189.453.125,118118400
2022-11-02,8800.0,8825.0,8725.0,8750.0,8.504.591.796.875,68323600
2022-11-03,8700.0,8825.0,8700.0,8800.0,8.553.189.453.125,81856300
2022-11-04,8775.0,8800.0,8675.0,8775.0,85.288.916.015.625,84458300
2022-11-07,8725.0,8850.0,8675.0,8850.0,86.017.880.859.375,94794000
2022-11-08,8850.0,8875.0,8725.0,8750.0,8.504.591.796.875,42525500
2022-11-09,8675.0,8875.0,8675.0,8875.0,86.260.859.375,96599500
2022-11-10,8725.0,8800.0,8725.0,8800.0,8.553.189.453.125,89463000
2022-11-11,8900.0,8925.0,8825.0,8850.0,86.017.880.859.375,59597900
2022-11-14,8875.0,8900.0,8750.0,8750.0,8.504.591.796.875,49208200
2022-11-15,8775.0,8850.0,8750.0,8800.0,8.553.189.453.125,59092900
2022-11-16,8625.0,8675.0,8550.0,8600.0,8.358.798.828.125,143424800
2022-11-17,8625.0,8825.0,8600.0,8725.0,848.029.296.875,72679800
2022-11-18,8725.0,8900.0,8725.0,8825.0,857.748.828.125,83556900
2022-11-21,8875.0,8900.0,8725.0,8725.0,848.029.296.875,35901000
2022-11-22,8900.0,8950.0,8850.0,8900.0,8.650.384.765.625,84684200
2022-11-23,8900.0,8975.0,8875.0,8875.0,86.260.859.375,84642100
2022-11-24,8975.0,9000.0,8950.0,9000.0,8.747.580.078.125,53520800
2022-11-25,9000.0,9000.0,8900.0,8975.0,872.328.125,75048300
2022-11-28,9050.0,9100.0,8975.0,9025.0,87.718.798.828.125,96209700
2022-11-29,8975.0,9075.0,8925.0,8975.0,872.328.125,91562100
2022-11-30,8875.0,9400.0,8850.0,9300.0,9.039.166.015.625,644359600
2022-12-01,9275.0,9350.0,9000.0,9000.0,8.747.580.078.125,155775400
2022-12-02,8900.0,8975.0,8900.0,8900.0,868.415.625,130982100
2022-12-05,8800.0,8900.0,8775.0,8775.0,85.621.884.765.625,114656300
2022-12-06,8725.0,8750.0,8575.0,8675.0,846.461.328.125,180553800
2022-12-07,8500.0,8575.0,8450.0,8450.0,82.450.703.125,229308700
2022-12-08,8375.0,8575.0,8350.0,8500.0,8.293.857.421.875,172590100
2022-12-09,8500.0,8600.0,8450.0,8575.0,83.670.390.625,90851300
2022-12-12,8525.0,8700.0,8475.0,8700.0,84.890.078.125,102851800
2022-12-13,8625.0,8700.0,8550.0,8700.0,84.890.078.125,104580200
2022-12-14,8600.0,8700.0,8525.0,8625.0,8.415.826.171.875,118164300
2022-12-15,8575.0,8600.0,8500.0,8500.0,8.293.857.421.875,113255700
2022-12-16,8425.0,8650.0,8400.0,8600.0,83.914.326.171.875,181516700
2022-12-19,8650.0,8700.0,8600.0,8650.0,84.402.197.265.625,67482900
2022-12-20,8550.0,8650.0,8550.0,8575.0,83.670.390.625,41243700
2022-12-21,8600.0,8700.0,8575.0,8675.0,846.461.328.125,33617700
2022-12-22,8650.0,8675.0,8575.0,8575.0,83.670.390.625,59591500
2022-12-23,8525.0,8575.0,8500.0,8500.0,8.293.857.421.875,47393000
2022-12-26,8500.0,8625.0,8500.0,8575.0,83.670.390.625,20495900
2022-12-27,8600.0,8650.0,8575.0,8600.0,83.914.326.171.875,27193800
2022-12-28,8650.0,8650.0,8550.0,8650.0,84.402.197.265.625,40420200
2022-12-29,8525.0,8600.0,8500.0,8575.0,83.670.390.625,47020900
2022-12-30,8575.0,8650.0,8550.0,8550.0,83.426.455.078.125,44681400
2023-01-02,8575.0,8600.0,8500.0,8550.0,83.426.455.078.125,10653900
2023-01-03,8550.0,8600.0,8525.0,8550.0,83.426.455.078.125,27399100
2023-01-04,8525.0,8575.0,8350.0,8350.0,814.749.560.546.875,90918800
2023-01-05,8350.0,8375.0,8150.0,8250.0,804.992.041.015.625,128838500
2023-01-06,8100.0,8325.0,8100.0,8300.0,80.987.080.078.125,69286600
2023-01-09,8325.0,8450.0,8325.0,8450.0,82.450.703.125,86916900
2023-01-10,8400.0,8425.0,8150.0,8175.0,79.767.392.578.125,101759100
2023-01-11,8050.0,8150.0,8000.0,8125.0,79.279.521.484.375,96069100
2023-01-12,8150.0,8275.0,8125.0,8175.0,79.767.392.578.125,103804600
2023-01-13,8150.0,8175.0,8025.0,8050.0,785.477.099.609.375,119748200
2023-01-16,8050.0,8200.0,8050.0,8150.0,795.234.619.140.625,105710700
2023-01-17,8175.0,8375.0,8150.0,8325.0,81.231.015.625,88695900
2023-01-18,8200.0,8325.0,8175.0,8300.0,80.987.080.078.125,96814600
2023-01-19,8350.0,8350.0,8250.0,8325.0,81.231.015.625,66391800
2023-01-20,8275.0,8325.0,8250.0,8300.0,80.987.080.078.125,96859500
2023-01-24,8300.0,8350.0,8225.0,8225.0,802.552.734.375,42474500
2023-01-25,8300.0,8300.0,8200.0,8200.0,800.113.330.078.125,66124500
2023-01-26,8225.0,8475.0,8225.0,8475.0,82.694.638.671.875,77582300
2023-01-27,8700.0,8850.0,8550.0,8700.0,84.890.078.125,196804700
2023-01-30,8725.0,8775.0,8575.0,8700.0,84.890.078.125,68544300
2023-01-31,8625.0,8675.0,8475.0,8475.0,82.694.638.671.875,200589000
2023-02-01,8575.0,8575.0,8450.0,8500.0,8.293.857.421.875,77396200
2023-02-02,8425.0,8525.0,8400.0,8450.0,82.450.703.125,99109500
2023-02-03,8550.0,8700.0,8500.0,8700.0,84.890.078.125,71716700
2023-02-06,8750.0,8750.0,8650.0,8725.0,85.134.013.671.875,117757700
2023-02-07,8775.0,8850.0,8750.0,8850.0,86.353.701.171.875,116014700
2023-02-08,8825.0,8850.0,8800.0,8825.0,86.109.755.859.375,54495500
2023-02-09,8825.0,8900.0,8800.0,8900.0,868.415.625,72381700
2023-02-10,8875.0,8900.0,8700.0,8825.0,86.109.755.859.375,62060900
2023-02-13,8875.0,8900.0,8775.0,8875.0,8.659.763.671.875,63775000
2023-02-14,8850.0,8950.0,8825.0,8950.0,87.329.443.359.375,81678200
2023-02-15,8875.0,8900.0,8750.0,8875.0,8.659.763.671.875,38037000
2023-02-16,8825.0,8850.0,8700.0,8700.0,84.890.078.125,66040400
2023-02-17,8775.0,8850.0,8725.0,8725.0,85.134.013.671.875,43588900
2023-02-20,8725.0,8825.0,8700.0,8750.0,85.377.939.453.125,40077000
2023-02-21,8775.0,8800.0,8700.0,8700.0,84.890.078.125,25390500
2023-02-22,8700.0,8750.0,8625.0,8675.0,846.461.328.125,38671900
2023-02-23,8625.0,8750.0,8625.0,8725.0,85.134.013.671.875,53412300
2023-02-24,8775.0,8850.0,8675.0,8675.0,846.461.328.125,44123400
2023-02-27,8675.0,8775.0,8650.0,8775.0,85.621.884.765.625,59983900
2023-02-28,8775.0,8775.0,8675.0,8750.0,85.377.939.453.125,106349400
2023-03-01,8725.0,8750.0,8600.0,8600.0,83.914.326.171.875,67034700
2023-03-02,8600.0,8700.0,8600.0,8625.0,8.415.826.171.875,56672000
2023-03-03,8650.0,8675.0,8475.0,8475.0,82.694.638.671.875,95376900
2023-03-06,8550.0,8550.0,8400.0,8400.0,8.196.283.203.125,92652000
2023-03-07,8350.0,8475.0,8350.0,8425.0,82.206.767.578.125,106115600
2023-03-08,8400.0,8575.0,8400.0,8575.0,83.670.390.625,79350900
2023-03-09,8650.0,8650.0,8550.0,8575.0,83.670.390.625,54201400
2023-03-10,8500.0,8550.0,8450.0,8450.0,82.450.703.125,59580100
2023-03-13,8450.0,8625.0,8450.0,8550.0,83.426.455.078.125,82077700
2023-03-14,8425.0,8475.0,8325.0,8325.0,81.231.015.625,90495300
2023-03-15,8450.0,8475.0,8325.0,8325.0,81.231.015.625,86747400
2023-03-16,8300.0,8350.0,8250.0,8300.0,80.987.080.078.125,105894000
2023-03-17,8375.0,8450.0,8325.0,8375.0,8.171.888.671.875,198558600
2023-03-20,8400.0,8475.0,8375.0,8400.0,8.196.283.203.125,37277900
2023-03-21,8400.0,8500.0,8375.0,8500.0,8.293.857.421.875,91617400
2023-03-24,8700.0,8825.0,8625.0,8825.0,86.109.755.859.375,145603600
2023-03-27,8825.0,8825.0,8700.0,8700.0,84.890.078.125,110692800
2023-03-28,8800.0,8800.0,8675.0,8675.0,846.461.328.125,98296600
2023-03-29,8675.0,8800.0,8625.0,8800.0,8.758.212.890.625,101068200
2023-03-30,8900.0,8900.0,8800.0,8825.0,878.309.375,118912100
2023-03-31,8825.0,8850.0,8725.0,8750.0,87.084.501.953.125,97146900
2023-04-03,8825.0,8825.0,8750.0,8800.0,8.758.212.890.625,60288900
2023-04-04,8825.0,8825.0,8650.0,8775.0,87.333.310.546.875,60975800
2023-04-05,8775.0,8800.0,8725.0,8725.0,8.683.568.359.375,36922100
2023-04-06,8700.0,8775.0,8700.0,8750.0,87.084.501.953.125,45489400
2023-04-10,8725.0,8800.0,8700.0,8800.0,8.758.212.890.625,32996000
2023-04-11,8825.0,8825.0,8750.0,8825.0,878.309.375,44554300
2023-04-12,8900.0,8900.0,8825.0,8900.0,88.577.373.046.875,91903600
2023-04-13,8950.0,8950.0,8875.0,8925.0,8.882.619.140.625,51726500
2023-04-14,9000.0,9000.0,8950.0,9000.0,89.572.626.953.125,110354200
2023-04-17,9025.0,9050.0,8900.0,9025.0,89.821.435.546.875,83946900
2023-04-18,9050.0,9175.0,9025.0,9125.0,90.816.689.453.125,91178700
2023-04-26,9125.0,9200.0,9000.0,9200.0,91.563.134.765.625,186928200
2023-04-27,9100.0,9175.0,9075.0,9150.0,910.655.078.125,54842400
2023-04-28,9100.0,9125.0,9050.0,9050.0,9.007.025.390.625,145775300
2023-05-02,9100.0,9100.0,8900.0,9050.0,9.007.025.390.625,83645900
2023-05-03,9050.0,9050.0,8875.0,8925.0,8.882.619.140.625,83728800
2023-05-04,8925.0,9025.0,8875.0,9000.0,89.572.626.953.125,67565000
2023-05-05,9000.0,9050.0,8950.0,9000.0,89.572.626.953.125,64815100
2023-05-08,9000.0,9075.0,8950.0,9000.0,89.572.626.953.125,84754500
2023-05-09,8950.0,8975.0,8900.0,8925.0,8.882.619.140.625,40929600
2023-05-10,8925.0,8950.0,8900.0,8925.0,8.882.619.140.625,45322600
2023-05-11,8900.0,8900.0,8800.0,8825.0,878.309.375,81993900
2023-05-12,8750.0,8875.0,8725.0,8800.0,8.758.212.890.625,96525600
2023-05-15,8875.0,8875.0,8725.0,8775.0,87.333.310.546.875,64830300
2023-05-16,8800.0,8825.0,8700.0,8700.0,86.586.875,49497000
2023-05-17,8775.0,8850.0,8750.0,8775.0,87.333.310.546.875,69996100
2023-05-19,8900.0,9000.0,8825.0,9000.0,89.572.626.953.125,123592500
2023-05-22,9000.0,9075.0,8925.0,9000.0,89.572.626.953.125,91000000
2023-05-23,9050.0,9150.0,9025.0,9125.0,90.816.689.453.125,102980500
2023-05-24,9200.0,9200.0,9025.0,9025.0,89.821.435.546.875,77392900
2023-05-25,9100.0,9150.0,9050.0,9050.0,9.007.025.390.625,76325700
2023-05-26,9175.0,9200.0,9100.0,9150.0,910.655.078.125,55675900
2023-05-29,9250.0,9250.0,9075.0,9150.0,910.655.078.125,79148200
2023-05-30,9200.0,9325.0,9150.0,9250.0,92.060.751.953.125,97189500
2023-05-31,9300.0,9325.0,9050.0,9050.0,9.007.025.390.625,722827900
2023-06-05,9150.0,9325.0,9100.0,9200.0,91.563.134.765.625,163535600
2023-06-06,9050.0,9200.0,9050.0,9150.0,910.655.078.125,74872200
2023-06-07,9125.0,9175.0,9075.0,9100.0,90.567.880.859.375,87492200
2023-06-08,9075.0,9125.0,9075.0,9125.0,90.816.689.453.125,53188400
2023-06-09,9175.0,9175.0,9100.0,9100.0,90.567.880.859.375,44632400
2023-06-12,9150.0,9150.0,9100.0,9150.0,910.655.078.125,38082300
2023-06-13,9175.0,9175.0,9100.0,9150.0,910.655.078.125,45552600
2023-06-14,9100.0,9125.0,9050.0,9075.0,903.190.625,72223700
2023-06-15,9100.0,9100.0,9050.0,9050.0,9.007.025.390.625,59073000
2023-06-16,9100.0,9100.0,8975.0,9050.0,9.007.025.390.625,112769400
2023-06-19,9000.0,9050.0,9000.0,9000.0,89.572.626.953.125,32330600
2023-06-20,9025.0,9050.0,8950.0,9050.0,9.007.025.390.625,54990100
2023-06-21,9050.0,9125.0,9000.0,9125.0,90.816.689.453.125,42676300
2023-06-22,9125.0,9150.0,9050.0,9050.0,9.007.025.390.625,48291100
2023-06-23,9025.0,9150.0,9025.0,9050.0,9.007.025.390.625,47813500
2023-06-26,9025.0,9125.0,9025.0,9075.0,903.190.625,36389900
2023-06-27,9050.0,9150.0,9050.0,9150.0,910.655.078.125,36225100
2023-07-03,9025.0,9075.0,9025.0,9075.0,903.190.625,108855900
2023-07-04,9150.0,9150.0,9050.0,9050.0,9.007.025.390.625,35049300
2023-07-05,9050.0,9075.0,9025.0,9050.0,9.007.025.390.625,44609200
2023-07-06,9050.0,9100.0,9025.0,9075.0,903.190.625,52532400
2023-07-07,9025.0,9100.0,9025.0,9025.0,89.821.435.546.875,37641300
2023-07-10,9100.0,9100.0,9050.0,9050.0,9.007.025.390.625,28981500
2023-07-11,9100.0,9100.0,9025.0,9025.0,89.821.435.546.875,43703500
2023-07-12,9075.0,9175.0,9050.0,9175.0,9.131.431.640.625,61566500
2023-07-13,9200.0,9225.0,9125.0,9125.0,90.816.689.453.125,65230900
2023-07-14,9175.0,9200.0,9125.0,9200.0,91.563.134.765.625,55554500
2023-07-17,9200.0,9250.0,9175.0,9175.0,9.131.431.640.625,62550100
2023-07-18,9200.0,9250.0,9100.0,9150.0,910.655.078.125,52924600
2023-07-20,9200.0,9225.0,9125.0,9150.0,910.655.078.125,83476600
2023-07-21,9150.0,9175.0,9125.0,9150.0,910.655.078.125,42667800
2023-07-24,9200.0,9200.0,9100.0,9100.0,90.567.880.859.375,62061200
2023-07-25,9175.0,9300.0,9150.0,9150.0,910.655.078.125,122802700
2023-07-26,9175.0,9350.0,9125.0,9350.0,93.056.005.859.375,113868700
2023-07-27,9400.0,9400.0,9225.0,9225.0,91.811.943.359.375,77848400
2023-07-28,9200.0,9225.0,9125.0,9125.0,90.816.689.453.125,74510200
2023-07-31,9175.0,9200.0,9100.0,9125.0,90.816.689.453.125,80868000
2023-08-01,9175.0,9175.0,9100.0,9125.0,90.816.689.453.125,49756400
2023-08-02,9125.0,9200.0,9125.0,9200.0,91.563.134.765.625,60629900
2023-08-03,9150.0,9300.0,9150.0,9250.0,92.060.751.953.125,64596100
2023-08-04,9250.0,9275.0,9125.0,9150.0,910.655.078.125,52675900
2023-08-07,9150.0,9275.0,9150.0,9275.0,923.095.703.125,55589300
2023-08-08,9275.0,9300.0,9200.0,9200.0,91.563.134.765.625,43373400
2023-08-09,9275.0,9400.0,9250.0,9400.0,935.536.328.125,77056800
2023-08-10,9400.0,9425.0,9350.0,9400.0,935.536.328.125,76738100
2023-08-11,9425.0,9450.0,9375.0,9400.0,935.536.328.125,68898600
2023-08-14,9325.0,9350.0,9225.0,9350.0,93.056.005.859.375,75495400
2023-08-15,9325.0,9375.0,9300.0,9300.0,9.255.837.890.625,59303700
2023-08-16,9275.0,9325.0,9250.0,9300.0,9.255.837.890.625,53440000
2023-08-18,9250.0,9350.0,9250.0,9250.0,92.060.751.953.125,79328900
2023-08-21,9225.0,9250.0,9175.0,9175.0,9.131.431.640.625,73573000
2023-08-22,9150.0,9325.0,9150.0,9300.0,9.255.837.890.625,65664600
2023-08-23,9300.0,9325.0,9275.0,9300.0,9.255.837.890.625,63749800
2023-08-24,9250.0,9325.0,9200.0,9200.0,91.563.134.765.625,53725900
2023-08-25,9200.0,9275.0,9175.0,9275.0,923.095.703.125,50379000
2023-08-28,9250.0,9250.0,9200.0,9200.0,91.563.134.765.625,44423100
2023-08-29,9275.0,9300.0,9200.0,9250.0,92.060.751.953.125,45428500
2023-08-30,9300.0,9300.0,9200.0,9200.0,91.563.134.765.625,56227000
2023-08-31,9200.0,9225.0,9100.0,9175.0,9.131.431.640.625,136107200
2023-09-01,9200.0,9275.0,9175.0,9225.0,91.811.943.359.375,42152700
2023-09-04,9225.0,9275.0,9175.0,9225.0,91.811.943.359.375,40610600
2023-09-05,9250.0,9250.0,9200.0,9225.0,91.811.943.359.375,42007200
2023-09-06,9200.0,9250.0,9150.0,9150.0,910.655.078.125,49318400
2023-09-07,9125.0,9175.0,9100.0,9175.0,9.131.431.640.625,61405200
2023-09-08,9100.0,9150.0,9050.0,9125.0,90.816.689.453.125,80732300
2023-09-11,9075.0,9125.0,9075.0,9125.0,90.816.689.453.125,53155900
2023-09-12,9100.0,9125.0,9075.0,9100.0,90.567.880.859.375,66479000
2023-09-13,9050.0,9075.0,9000.0,9075.0,903.190.625,69490200
2023-09-14,9000.0,9125.0,9000.0,9100.0,90.567.880.859.375,112757900
2023-09-15,9050.0,9100.0,9000.0,9000.0,89.572.626.953.125,121005300
2023-09-18,9050.0,9075.0,9000.0,9000.0,89.572.626.953.125,34272200
2023-09-19,9000.0,9075.0,8975.0,9075.0,903.190.625,33325800
2023-09-20,9125.0,9175.0,9075.0,9150.0,910.655.078.125,54305500
2023-09-21,9125.0,9150.0,9075.0,9125.0,90.816.689.453.125,40607000
2023-09-22,9125.0,9150.0,9075.0,9075.0,903.190.625,42445300
2023-09-25,9075.0,9075.0,9000.0,9000.0,89.572.626.953.125,56132200
2023-09-26,9000.0,9025.0,8950.0,8950.0,8907.5,73544700
2023-09-27,8900.0,9000.0,8875.0,8875.0,88.328.564.453.125,84345000
2023-09-29,8825.0,8900.0,8825.0,8825.0,878.309.375,118960000
2023-10-02,8900.0,9100.0,8875.0,9075.0,903.190.625,93663000
2023-10-03,9075.0,9200.0,9025.0,9200.0,91.563.134.765.625,98380200
2023-10-04,9200.0,9250.0,9125.0,9200.0,91.563.134.765.625,112582800
2023-10-05,9200.0,9200.0,9075.0,9075.0,903.190.625,72855700
2023-10-06,9100.0,9100.0,9025.0,9025.0,89.821.435.546.875,53344400
2023-10-09,9025.0,9125.0,9025.0,9050.0,9.007.025.390.625,43774500
2023-10-10,9000.0,9000.0,8925.0,8925.0,8.882.619.140.625,71966100
2023-10-11,8925.0,9025.0,8925.0,8925.0,8.882.619.140.625,84305800
2023-10-12,9000.0,9100.0,9000.0,9050.0,9.007.025.390.625,71064500
2023-10-13,9100.0,9125.0,9025.0,9075.0,903.190.625,62941800
2023-10-16,9125.0,9125.0,9050.0,9100.0,90.567.880.859.375,29429200
2023-10-17,9050.0,9075.0,8950.0,8950.0,8907.5,59606000
2023-10-18,8925.0,8950.0,8850.0,8850.0,8.807.974.609.375,50919200
2023-10-19,8825.0,8850.0,8750.0,8750.0,87.084.501.953.125,89509700
2023-10-20,8725.0,9025.0,8725.0,8975.0,89.323.818.359.375,64554500
2023-10-23,8875.0,8925.0,8850.0,8850.0,8.807.974.609.375,50633500
2023-10-24,8775.0,8875.0,8775.0,8775.0,87.333.310.546.875,76963200
2023-10-25,8825.0,8925.0,8825.0,8875.0,88.328.564.453.125,54748400
2023-10-26,8925.0,8950.0,8725.0,8725.0,8.683.568.359.375,63199400
2023-10-27,8725.0,8800.0,8700.0,8700.0,86.586.875,52450700
2023-10-30,8700.0,8850.0,8700.0,8850.0,8.807.974.609.375,51958200
2023-10-31,8800.0,8825.0,8725.0,8750.0,87.084.501.953.125,64907600
2023-11-01,8750.0,8775.0,8600.0,8600.0,8.559.162.109.375,67027600
2023-11-02,8725.0,8900.0,8725.0,8850.0,8.807.974.609.375,56050900
2023-11-03,8925.0,8950.0,8850.0,8900.0,88.577.373.046.875,60414100
2023-11-06,8975.0,9050.0,8950.0,9050.0,9.007.025.390.625,84994200
2023-11-07,9000.0,9025.0,8900.0,8975.0,89.323.818.359.375,60648200
2023-11-08,8950.0,9000.0,8900.0,9000.0,89.572.626.953.125,31829300
2023-11-09,8900.0,9050.0,8900.0,9000.0,89.572.626.953.125,46076800
2023-11-10,8950.0,9000.0,8825.0,8825.0,878.309.375,50754600
2023-11-13,8875.0,8925.0,8850.0,8875.0,88.328.564.453.125,20827700
2023-11-14,8900.0,8950.0,8875.0,8925.0,8.882.619.140.625,37195700
2023-11-15,8975.0,9050.0,8950.0,9050.0,9.007.025.390.625,84977900
2023-11-16,9050.0,9075.0,8950.0,9075.0,903.190.625,48714300
2023-11-17,9025.0,9075.0,8975.0,9075.0,903.190.625,57050500
2023-11-20,8975.0,9025.0,8875.0,8875.0,88.328.564.453.125,49216000
2023-11-21,8825.0,8900.0,8775.0,8775.0,87.333.310.546.875,107614800
2023-11-22,8775.0,8875.0,8775.0,8875.0,88.328.564.453.125,40364800
2023-11-23,8850.0,8975.0,8850.0,8925.0,8.882.619.140.625,55542100
2023-11-24,8925.0,8975.0,8900.0,8925.0,8.882.619.140.625,43631900
2023-11-27,8900.0,8950.0,8875.0,8875.0,88.328.564.453.125,35679000
2023-11-28,8875.0,8950.0,8850.0,8875.0,88.328.564.453.125,69070600
2023-11-29,8900.0,8950.0,8900.0,8900.0,88.577.373.046.875,54715600
2023-11-30,8925.0,8975.0,8900.0,8975.0,89.323.818.359.375,205312100
2023-12-01,8925.0,8975.0,8900.0,8950.0,8907.5,80566400
2023-12-04,8950.0,9025.0,8925.0,8925.0,8925.0,54747400
2023-12-05,8950.0,8950.0,8825.0,8900.0,8900.0,94363900
2023-12-06,8850.0,8950.0,8800.0,8800.0,8800.0,81852800
2023-12-07,8750.0,8825.0,8725.0,8825.0,8825.0,91322500
2023-12-08,8800.0,8850.0,8750.0,8750.0,8750.0,43891600
2023-12-11,8675.0,8775.0,8675.0,8750.0,8750.0,78642800
2023-12-12,8700.0,8750.0,8700.0,8700.0,8700.0,87589300
2023-12-13,8700.0,8750.0,8675.0,8675.0,8675.0,51560500
2023-12-14,8775.0,9050.0,8750.0,9050.0,9050.0,115332800
2023-12-15,9125.0,9225.0,9075.0,9225.0,9225.0,275013500
2023-12-18,9200.0,9225.0,9150.0,9200.0,9200.0,111712200
2023-12-19,9125.0,9250.0,9125.0,9250.0,9250.0,65174500
2023-12-20,9250.0,9300.0,9225.0,9300.0,9300.0,72938100
2023-12-21,9300.0,9325.0,9250.0,9325.0,9325.0,88116700
2023-12-22,9275.0,9350.0,9275.0,9325.0,9325.0,64449600
2023-12-27,9375.0,9400.0,9325.0,9375.0,9375.0,64464700
2023-12-28,9325.0,9425.0,9325.0,9400.0,9400.0,70184600
2023-12-29,9425.0,9450.0,9350.0,9400.0,9400.0,79903400
2024-01-02,9400.0,9425.0,9350.0,9425.0,9425.0,30545200
2024-01-03,9425.0,9425.0,9325.0,9350.0,9350.0,34603300
2024-01-04,9400.0,9475.0,9375.0,9475.0,9475.0,56501800
2024-01-05,9500.0,9600.0,9475.0,9575.0,9575.0,85290100
2024-01-08,9600.0,9625.0,9475.0,9575.0,9575.0,50896000
2024-01-09,9600.0,9625.0,9575.0,9625.0,9625.0,59848600
2024-01-10,9650.0,9650.0,9550.0,9550.0,9550.0,52774900
2024-01-11,9625.0,9650.0,9575.0,9575.0,9575.0,39381500
2024-01-12,9650.0,9700.0,9600.0,9700.0,9700.0,68253400
2024-01-15,9750.0,9750.0,9650.0,9725.0,9725.0,88399500
2024-01-16,9700.0,9750.0,9675.0,9700.0,9700.0,44869200
2024-01-17,9750.0,9750.0,9650.0,9750.0,9750.0,107706100
2024-01-18,9675.0,9750.0,9625.0,9675.0,9675.0,71048900
2024-01-19,9775.0,9775.0,9600.0,9625.0,9625.0,63176500
2024-01-22,9600.0,9650.0,9525.0,9625.0,9625.0,52868300
2024-01-23,9450.0,9600.0,9450.0,9600.0,9600.0,92348600
2024-01-24,9600.0,9600.0,9475.0,9525.0,9525.0,84906000
2024-01-25,9450.0,9575.0,9450.0,9500.0,9500.0,63212700
2024-01-26,9400.0,9450.0,9300.0,9350.0,9350.0,78977300